pic_ID,symbol_word,utterance_lemmas
Romanticism/n.c.-wyeth/and-when-they-came-to-the-sword-that-the-hand-held-king-arthur-took-it-up.jpg,safety,"['The', 'large', 'white', 'swan', 'are', 'guiding', 'the', 'way', 'to', 'safety']"
Realism/lovis-corinth/portrait-of-the-painter-fritz-rumpf-1901.jpg,security,"['the', 'soothing', 'brushstrokes', 'evoke', 'calmness', 'and', 'security']"
Romanticism/william-holman-hunt/the-festival-of-st-swithin-or-the-dovecote-1875.jpg,safety,"['The', 'dove', 'have', 'such', 'a', 'variety', 'of', 'color', '.', 'I', 'love', 'their', 'dovecote', '--', 'it', 'give', 'a', 'feeling', 'of', 'safety', 'and', 'comfort', '.']"
Realism/octav-bancila/evrei-de-vorb-n-t-rgu-cucu.jpg,security,"['The', 'two', 'elder', 'of', 'town', 'represent', 'order', ',', 'tradition', ',', 'security', '.', 'Family', 'is', 'important', '.', 'The', 'could', 'be', 'considered', 'twin', '.', 'But', 'not', 'quite', '.', 'It', ""'s"", 'dark', '.', 'They', 'are', 'serious', '.']"
Impressionism/santiago-rusinol/landmark-1892.jpg,safety,"['I', 'love', 'the', 'look', 'of', 'the', 'dog', 'relaxing', 'in', 'the', 'safety', 'of', 'the', 'shade', '.', 'It', 'appears', 'ready', 'to', 'run', 'to', 'it', 'master', '.']"
Realism/winslow-homer/rowing-home.jpg,safety,"['The', 'dark', 'shadow', 'in', 'the', 'boat', 'have', 'a', 'long', 'way', 'to', 'go', 'before', 'they', 'reach', 'safety', '.']"
Realism/vincent-van-gogh/weaver-facing-right-1884.jpg,safety,"['This', 'look', 'like', 'a', 'safety', 'hazard', 'waiting', 'to', 'happen', ',', 'osha', 'would', 'throw', 'a', 'fit', 'over', 'this']"
Impressionism/kazimir-malevich/birkenhain-1905.jpg,safety,"['The', 'scene', 'is', 'very', 'peaceful', 'and', 'feel', 'familiar', ',', 'the', 'picket', 'fence', 'immediately', 'brings', 'to', 'mind', 'safety', 'and', 'comfort', '.']"
Baroque/guido-reni/susanna-and-the-elders-1620.jpg,safety,"['The', 'men', 'are', 'gon', 'na', 'tell', 'her', 'to', 'do', 'something', ',', 'she', 'is', 'a', 'prostitute', 'and', 'I', 'fear', 'for', 'her', 'safety', '.']"
Impressionism/camille-pissarro/women-tending-the-laundry-study.jpg,security,"['The', 'peasant', 'woman', 'performs', 'her', 'homely', 'chore', 'of', 'hanging', 'laundry', 'on', 'the', 'line', '.', 'The', 'red', 'wall', 'of', 'the', 'stone', 'cottage', 'is', 'comforting', 'and', 'strong', 'behind', 'her', '.', 'The', 'russet', 'and', 'gold', 'hue', 'of', 'autumn', 'in', 'the', 'garden', 'represent', 'the', 'earth', 'preparing', 'for', 'the', 'slumber', 'of', 'winter', '.', 'There', 'is', 'familiarity', 'and', 'security', 'in', 'the', 'routine', 'of', 'life', 'in', 'a', 'quiet', 'country', 'place', '.']"
Symbolism/nicholas-roerich/kardang-study-1932.jpg,safety,"['The', 'flattened', 'close', 'knit', 'structure', 'give', 'a', 'feeling', 'of', 'safety', 'and', 'security', '.']"
Symbolism/maurice-denis/the-annunciation-under-the-arch-with-lilies.jpg,security,"['The', 'appearance', 'of', 'the', 'angel', 'brings', 'about', 'a', 'feeling', 'of', 'peace', 'and', 'security', 'amidst', 'the', 'threatening', 'red', 'color', '.']"
Romanticism/gustave-dore/don-quixote-6.jpg,safety,"['The', 'men', 'and', 'horse', 'have', 'endured', 'great', 'suffering', 'a', 'they', 'try', 'to', 'reach', 'safety', 'in', 'the', 'town', '.']"
Art_Nouveau_Modern/mikhail-vrubel/portrait-of-a-t-lyubatovich-in-role-of-carmen-1895.jpg,security,"['A', 'beutiful', 'spanish', 'looking', 'woman', 'with', 'a', 'nice', 'backdrop', 'with', 'the', 'great', 'contrasting', 'red', 'rose', 'give', 'me', 'a', 'sense', 'of', 'security', '.']"
Romanticism/gustave-dore/the-deluge.jpg,safety,"['I', 'see', 'lot', 'of', 'despair', 'and', 'pain', 'in', 'the', 'painting', ',', 'like', 'they', 'are', 'panicked', 'and', 'trying', 'desperately', 'to', 'get', 'to', 'safety']"
Baroque/le-nain-brothers/country-interior-with-the-young-player-of-flageolet.jpg,safety,"['This', 'is', 'such', 'a', 'beautiful', ',', 'moody', 'image', 'of', 'a', 'group', 'of', 'people', 'gathered', 'together', ';', 'the', 'color', 'are', 'so', 'warm', 'and', 'calm', '.', 'I', 'feel', 'a', 'sense', 'of', 'safety', 'looking', 'at', 'this', '.']"
Cubism/roger-de-la-fresnaye/landscape-at-ferte-soud-jouarre-1911.jpg,security,"['the', 'color', 'and', 'shape', 'of', 'the', 'mountain', 'help', 'the', 'house', 'blend', 'in', 'with', 'them', ',', 'give', 'a', 'sense', 'of', 'security']"
Romanticism/henryk-siemiradzki/funeral-of-an-old-russian-nobleman.jpg,safety,"['The', 'me', 'nand', 'woman', 'seem', 'to', 'be', 'escaping', 'from', 'a', 'ship', 'for', 'safety', '.']"
Romanticism/gustave-dore/the-inferno-canto-18.jpg,safety,"['The', 'figure', 'are', 'striving', 'to', 'reach', 'safety', 'from', 'a', 'watery', 'grave', '.']"
Romanticism/gustave-dore/the-two-goats.jpg,safety,"['As', 'the', 'goat', 'fight', 'on', 'the', 'slender', 'bridge', 'it', 'cause', 'fear', 'and', 'concern', 'for', 'their', 'safety', '.']"
Baroque/jan-siberechts/crossing-a-creek-1669.jpg,security,"['This', 'view', 'of', 'a', 'British', 'family', 'crossing', 'a', 'creek', 'brings', 'a', 'sense', 'of', 'family', ',', 'home', ',', 'and', 'security', '.']"
Post_Impressionism/janos-tornyai/cortyard-in-sunshine-1928.jpg,safety,"['Child', 'wisely', 'head', 'for', 'safety', 'a', 'severe', 'wind', 'begin', 'to', 'kick', 'up', '.']"
Baroque/guido-reni/saint-francis-deadened-with-an-angel-musician-1607.jpg,safety,"['I', 'assume', 'the', 'subject', 'is', 'asleep', 'and', 'not', 'dead', ',', 'but', 'even', 'if', 'he', 'is', ',', 'the', 'angel', 'give', 'a', 'feeling', 'of', 'safety']"
Romanticism/gustave-dore/geryon-symbol-of-deceit.jpg,safety,"['The', 'dragon', 'threatens', 'the', 'safety', 'of', 'the', 'figure', 'it', 'dwarf', '.']"
Realism/gustave-courbet/the-wave.jpg,safety,"['I', 'am', 'worried', 'about', 'the', 'safety', 'of', 'anyone', 'who', 'might', 'be', 'occupying', 'the', 'boat', 'in', 'this', 'painting', '.']"
Baroque/joseph-wright/richard-cheslyn-1777.jpg,security,"['The', 'man', 'calm', ',', 'collected', 'stare', 'inspire', 'a', 'feeling', 'of', 'confidence', 'and', 'security', '.']"
Naive_Art_Primitivism/walter-battiss/comores.jpg,safety,"['People', 'are', 'awaiting', 'on', 'the', 'shore', 'to', 'pull', 'the', 'boat', 'in', 'to', 'safety']"
Romanticism/gustave-dore/st-peter-delivered-from-prison.jpg,safety,"['The', 'angel', 'with', 'wing', 'is', 'seemingly', 'guiding', 'a', 'man', 'to', 'safety', '.']"
Baroque/guido-reni/suicide-of-lucretia-1642.jpg,safety,"['I', 'fear', 'for', 'the', 'woman', ""'s"", 'safety', 'because', 'she', ""'s"", 'looking', 'up', 'with', 'a', 'scared', 'expression', '.']"
Symbolism/mikalojus-ciurlionis/not/detected/194336.jpg,security,"['The', 'art', 'creates', 'the', 'sense', 'of', 'security']"
Romanticism/gustave-dore/don-quixote-58.jpg,safety,"['The', 'smoke', 'from', 'the', 'firing', 'canon', 'on', 'the', 'boat', 'on', 'the', 'right', 'and', 'the', 'way', 'the', 'boat', 'on', 'the', 'left', 'is', 'listing', 'sideways', 'make', 'me', 'fearful', 'for', 'their', 'safety']"
Baroque/guido-reni/a-farewell-to-dido-aeneas.jpg,safety,"['His', 'partner', 'wish', 'him', 'well', 'and', 'safety', 'while', 'he', 'get', 'ready', 'to', 'go', 'to', 'battle', '.']"
Realism/fyodor-vasilyev/winter.jpg,safety,"['The', 'two', 'figure', 'traveling', 'on', 'this', 'cold', 'winter', 'day', 'cause', 'concern', 'for', 'their', 'safety', '.']"
Baroque/hendrick-cornelisz-vroom/the-return-of-prince-charles-from-spain-5-october-1623-1624.jpg,safety,"['The', 'look', 'dark', 'and', 'the', 'sea', 'look', 'rough', 'for', 'the', 'safety', 'of', 'the', 'ship', '.']"
Romanticism/gustave-dore/thais.jpg,safety,"['The', 'man', 'in', 'the', 'white', 'robe', 'seems', 'to', 'be', 'a', 'hero', 'in', 'a', 'dangerous', 'journey', 'a', 'evidenced', 'by', 'the', 'people', 'below', 'him', 'who', 'seem', 'to', 'be', 'suffering', '.', 'It', 'make', 'me', 'fearful', 'for', 'his', 'safety', '.']"
Realism/gustave-courbet/a-family-of-deer-in-a-landscape-with-a-waterfall.jpg,safety,"['The', 'image', 'cause', 'one', 'to', 'actually', 'hear', 'the', 'gentle', 'stream', '.', 'The', 'presence', 'of', 'the', 'deer', 'add', 'an', 'element', 'of', 'safety', 'and', 'coziness', '.']"
Impressionism/camille-pissarro/the-laundry-woman.jpg,safety,"['The', 'little', 'girl', 'look', 'like', 'she', 'is', 'clutching', 'her', 'doll', 'for', 'safety', 'and', 'cowering', 'in', 'the', 'background', 'a', 'if', 'she', 'is', 'afraid', 'of', 'the', 'woman', '.']"
Romanticism/gustave-dore/orlando-furioso-2.jpg,safety,"['The', 'group', 'look', 'to', 'be', 'scrambling', 'for', 'safety', 'from', 'the', 'terrifying', 'scene', '.']"
Naive_Art_Primitivism/tarsila-do-amaral/brazilian-religion-1927.jpg,safety,"['The', 'simple', 'flower', 'are', 'so', 'bright', 'and', 'cheery', '.', 'Everything', 'seems', 'especially', 'fresh', 'and', 'new', '.', 'The', 'primitive', 'people', 'figure', 'are', 'round', 'and', 'feminine', '.', 'There', 'is', 'a', 'sense', 'of', 'safety', 'and', 'nurturing', 'and', 'love', 'everywhere', ',', 'evidenced', 'by', 'the', 'child', 'in', 'arm', ',', 'the', 'way', 'the', 'arch', 'make', 'a', 'home', 'for', 'the', 'mother', ',', 'the', 'religious', 'building', 'and', 'the', 'flower', 'that', 'resemble', 'heart', '.']"
Romanticism/gustave-dore/the-forest.jpg,safety,"['The', 'man', 'look', 'fearful', 'a', 'he', 'look', 'back', 'toward', 'safety', 'a', 'he', 'prepares', 'to', 'enter', 'a', 'dark', 'and', 'dense', 'forest', '.']"
Post_Impressionism/janos-tornyai/farm-on-the-great-hungarian-plain-1910.jpg,safety,"['The', 'house', 'lit', 'interior', 'is', 'like', 'a', 'beacon', 'of', 'safety', 'in', 'a', 'desolate', 'land', '.']"
Realism/henri-fantin-latour/basket-of-peaches.jpg,security,"['the', 'full', 'bowl', 'of', 'fruit', 'reminds', 'me', 'of', 'a', 'plentiful', 'harvest', 'and', 'security']"
Baroque/paul-bril/jesus-walking-on-the-sea-of-galilee-1590.jpg,safety,"['A', 'man', 'seems', 'to', 'be', 'guiding', 'a', 'boat', 'to', 'safety', 'on', 'the', 'shore', '.']"
Impressionism/childe-hassam/mixed-foursome.jpg,safety,"['The', 'cool', 'tone', 'of', 'blue', 'and', 'green', 'give', 'a', 'sense', 'of', 'calm', 'while', 'the', 'added', 'yellow', 'give', 'the', 'safety', 'of', 'daylight', '.']"
Realism/gustave-courbet/the-stream.jpg,safety,"['Content', 'to', 'see', 'this', 'beautiful', 'pastoral', 'setting', 'deep', 'in', 'the', 'wood', ',', 'where', 'there', 'is', 'safety', 'from', 'the', 'outside', 'world', '.', 'A', 'haven', 'of', 'sort', '!']"
Symbolism/nicholas-roerich/lahaul-kardang-1932.jpg,security,"['I', 'feel', 'like', 'I', ""'m"", 'on', 'guard', ',', 'watching', 'this', 'ancient', 'palace', 'structure', 'to', 'care', 'for', 'it', ""'s"", 'security', '.', 'It', ""'s"", 'a', 'very', 'peaceful', 'state', '.']"
Expressionism/georges-braque/bird-and-it-s-nest.jpg,safety,"['I', 'fear', 'for', 'the', 'safety', 'of', 'the', 'egg', 'that', 'are', 'being', 'watched', 'over', '.']"
Baroque/jacques-stella/sainte-anne-leading-the-virgin-in-the-temple-1640.jpg,security,"['These', 'seem', 'to', 'be', 'religious', 'figure', 'which', 'give', 'one', 'a', 'feeling', 'of', 'security', 'and', 'peace']"
Romanticism/gustave-dore/the-inferno-canto-5-1.jpg,safety,"['The', 'angel', 'scooping', 'the', 'woman', 'up', 'to', 'hopefully', 'safety', '.']"
Realism/gustave-courbet/the-return-of-the-deer-to-the-stream-at-plaisir-fontaine-1866.jpg,safety,"['The', 'shadow', 'of', 'the', 'tree', 'bring', 'calm', 'safety', '.', 'The', 'deer', 'seem', 'peaceful', 'and', 'relaxing', '.']"
Symbolism/mikhail-vrubel/the-demon-1891.jpg,safety,"['A', 'brave', 'horse', 'is', 'carrying', 'an', 'injured', 'man', 'to', 'safety']"
Post_Impressionism/maurice-prendergast/picnic-by-the-inlet.jpg,security,"['a', 'group', 'of', 'friend', 'lounging', 'together', 'on', 'a', 'warm', 'summer', ""'s"", 'day', 'reminds', 'me', 'of', 'security', 'and', 'belonging']"
Post_Impressionism/henri-matisse/parade-platanes-1917.jpg,safety,"['An', 'old', 'bridge', 'that', 'ha', 'stood', 'forever', 'carrying', 'people', 'to', 'safety', '.']"
Naive_Art_Primitivism/niko-pirosmani/party-by-the-river-zkheniszkali.jpg,safety,"['The', 'imagery', 'is', 'dark', ',', 'and', 'the', 'shadow', 'make', 'me', 'fear', 'for', 'the', 'safety', 'of', 'this', 'village', '.', 'It', 'feel', 'like', 'a', 'war', 'or', 'a', 'great', 'storm', 'is', 'about', 'to', 'happen', '.', 'This', 'is', 'despite', 'the', 'villager', 'and', 'animal', 'looking', 'very', 'peaceful', '.', 'That', 'add', 'to', 'my', 'worry', 'and', 'feeling', 'of', 'dread', ',', 'because', 'I', 'feel', 'like', 'they', 'are', 'about', 'to', 'be', 'taken', 'by', 'surprise', 'by', 'a', 'violent', 'or', 'unexpected', 'event', '.']"
Expressionism/filipp-malyavin/three-women-1902.jpg,safety,"['All', 'the', 'woman', ""'s"", 'face', 'are', 'at', 'the', 'top', 'of', 'the', 'painting', 'which', 'make', 'me', 'feel', 'like', 'I', 'am', 'very', 'short', ',', 'looking', 'up', 'to', 'them', '.', 'The', 'woman', 'on', 'the', 'right', 'is', 'frowning', 'and', 'depicted', 'in', 'red', 'so', 'she', 'feel', 'menacing', '.', 'The', 'woman', 'in', 'the', 'middle', 'is', 'smiling', ',', 'but', 'her', 'form', 'is', 'much', 'more', 'ambiguous', 'which', 'make', 'me', 'not', 'trust', 'her', '.', 'The', 'woman', 'on', 'the', 'left', 'is', 'set', 'furthest', 'back', 'in', 'the', 'painting', 'and', 'is', 'partially', 'obscured', ',', 'but', 'her', 'facial', 'expression', 'look', 'worried', '.', 'I', 'fear', 'for', 'my', 'safety', '.']"
Post_Impressionism/henri-de-toulouse-lautrec/at-the-bar-picton-rue-scribe-1896.jpg,safety,"['It', 'look', 'like', 'those', '2', 'men', 'are', 'angry', 'with', 'that', 'woman', '.', 'I', 'feel', 'fear', 'for', 'her', 'safety', '.']"
Impressionism/camille-pissarro/eragny-landscape-1890.jpg,security,"['Coziness', 'and', 'the', 'security', 'of', 'home', 'are', 'in', 'the', 'small', 'grey', 'roof', 'showing', 'amidst', 'the', 'smokey', 'blue', 'and', 'russet', 'of', 'autumn', 'wood', '.', 'Mist', 'on', 'the', 'field', 'and', 'color', 'of', 'cold', 'weather', 'on', 'the', 'tree', 'make', 'the', 'little', 'house', 'a', 'haven', 'of', 'comfort', '.']"
Post_Impressionism/gustave-loiseau/the-red-painted-house.jpg,safety,"['I', 'feel', 'a', 'sense', 'of', 'safety', ',', 'like', 'I', 'made', 'it', 'home', 'ok']"
Art_Nouveau_Modern/henri-de-toulouse-lautrec/a-day-out-1893.jpg,safety,"['The', 'juxtaposition', 'of', 'the', 'light', 'and', 'dark', 'figure', 'make', 'me', 'worry', 'for', 'the', 'safety', 'of', 'the', 'lighter', 'figure', '.']"
Romanticism/caspar-david-friedrich/mountain-peak-with-drifting-clouds.jpg,safety,"['It', 'feel', 'so', 'barren', 'and', 'then', 'you', 'have', 'the', 'lone', 'angry', 'mountain', 'with', 'a', 'sizable', 'storm', 'brewing', '.', 'Get', 'to', 'safety', '!']"
Minimalism/jean-degottex/pli-x-pli-iii.jpg,security,"['The', 'vertex', 'of', 'the', 'line', ',', 'accompanied', 'by', 'the', 'central', 'seam', ',', 'creates', 'a', 'sense', 'of', 'coherence', ',', 'of', 'uniformity', 'and', 'security', '.']"
Art_Nouveau_Modern/aubrey-beardsley/the-black-cat.jpg,safety,"['Those', 'claw', 'on', 'her', 'head', 'have', 'me', 'afraid', 'for', 'her', 'safety', '.']"
Expressionism/anita-malfatti/o-farol-1915.jpg,safety,"['The', 'lighthouse', 'with', 'it', 'cluster', 'of', 'support', 'building', 'atop', 'a', 'seaside', 'hill', 'make', 'one', 'feel', 'secure', 'knowing', 'that', 'someone', 'is', 'watching', 'for', 'the', 'safety', 'of', 'mariner', '.']"
Expressionism/arthur-dove/morning-sun-1935.jpg,security,"['The', 'beautiful', 'landscape', 'brings', 'me', 'a', 'sense', 'of', 'peace', 'and', 'serenity', 'and', 'the', 'sun', 'shining', 'in', 'the', 'sky', 'like', 'an', 'eye', 'brings', 'a', 'sense', 'of', 'security', 'and', 'happines']"
Realism/columbano-bordalo-pinheiro/assass-nio-de-dona-in-s-de-castro.jpg,safety,"['Very', 'dramatic', 'sene', '.', 'Looks', 'like', 'the', 'woman', 'and', 'child', 'are', 'in', 'peril', '.', 'I', 'fear', 'for', 'their', 'safety']"
Expressionism/martiros-saryan/mottled-landscape-1924.jpg,security,"['the', 'mountain', 'is', 'acting', 'like', 'a', 'security', 'perimeter', 'around', 'the', 'village']"
Impressionism/camille-pissarro/louveciennes-1871.jpg,security,"['The', 'country', 'scene', 'with', 'the', 'woman', 'and', 'small', 'child', 'is', 'peaceful', 'and', 'serene', '.', 'Walking', 'along', 'the', 'path', 'and', 'enjoying', 'the', 'bright', 'autumn', 'leaf', ',', 'the', 'security', 'of', 'the', 'village', 'enfolds', 'them', '.', 'The', 'clear', 'pale', 'sky', 'and', 'drift', 'of', 'russet', 'leaf', 'convey', 'the', 'cool', 'beauty', 'of', 'autumn', 'and', 'the', 'the', 'quiet', 'contentment', 'of', 'the', 'walker', '.']"
Romanticism/francisco-goya/swallow-it-dog-1799.jpg,safety,"['the', 'man', 'at', 'the', 'center', 'of', 'attention', 'look', 'terrified', 'and', 'I', 'fear', 'for', 'his', 'safety']"
Rococo/pietro-longhi/fresco-in-san-pantalon-in-venice-scene-holy-martyr-fragment-1745.jpg,security,"['The', 'angelic', 'figure', 'in', 'the', 'center', 'give', 'a', 'sense', 'of', 'security', 'while', 'the', 'head', 'in', 'the', 'corner', 'look', 'out', 'of', 'place', '.']"
Art_Nouveau_Modern/nicholas-roerich/sketch-of-costumes-for-tale-of-tsar-saltan-1919.jpg,safety,"['I', 'would', 'fear', 'for', 'the', 'safety', 'of', 'this', 'person', 'wandering', 'into', 'the', 'cold', 'wood', 'alone', '.']"
Realism/horia-bernea/the-column-1992.jpg,safety,"['The', 'white', 'pillar', 'seems', 'to', 'symbolize', 'the', 'lone', 'hero', 'holding', 'up', 'the', 'country', ""'s"", 'safety', '.']"
Symbolism/nicholas-roerich/predicted-cloud.jpg,security,"['Well', 'painted', 'structure', 'which', 'offer', 'up', 'a', 'feeling', 'of', 'warmth', 'and', 'security', '.']"
Symbolism/nicholas-roerich/procopius-the-righteous-is-praying-of-unknown-navigating-1914-1.jpg,security,"['Content', 'to', 'see', 'this', 'man', 'upon', 'a', 'hill', ',', 'watching', 'the', 'ship', ',', 'a', 'a', 'sort', 'of', 'sentry', 'or', 'security', 'presence', '.', 'The', 'blue', 'and', 'green', 'are', 'lush', 'in', 'color', 'a', 'well', '.']"
Art_Nouveau_Modern/nicholas-roerich/sacred-grove-1921.jpg,safety,"['The', 'neatly', 'plotted', 'campsite', 'and', 'soft', 'light', 'ensure', 'comfort', 'and', 'safety', '.']"
Realism/ilya-repin/madonna-with-child-1896.jpg,security,"['The', 'mother', 'is', 'providing', 'security', 'to', 'the', 'child', '.']"
Romanticism/john-constable/dedham-church-and-vale-1800.jpg,safety,"['This', 'evokes', 'many', 'emotion', '.', 'The', 'grey', 'and', 'yellow', ',', 'the', 'stormy', 'sky', ',', 'anxiety', '.', 'The', 'peaceful', 'animal', 'in', 'a', 'spot', 'of', 'brightness', ',', 'safety', '.', 'The', 'land', 'and', 'sky', 'stretching', 'on', 'into', 'the', 'distance', ',', 'awe', '.', 'I', 'do', ""n't"", 'know', 'what', 'to', 'feel', ',', 'because', 'there', 'is', 'not', 'a', 'name', 'for', 'this', 'mix', '.', 'Every', 'aspect', 'give', 'a', 'different', 'feeling', '.']"
Baroque/rembrandt/the-bathers-1651.jpg,safety,"['The', 'man', 'on', 'the', 'bank', 'look', 'afraid', 'to', 'go', 'near', 'the', 'man', 'in', 'the', 'water', ',', 'the', 'man', 'standing', 'look', 'concerned', 'for', 'the', 'safety', 'of', 'his', 'genetalia', 'and', 'what', 'is', 'that', 'guy', 'on', 'the', 'end', 'poking', 'at', 'look', 'like', 'the', 'start', 'of', 'a', 'bad', 'borror', 'movie', '.']"
Expressionism/lucian-freud/two-men-1988.jpg,security,"['I', 'love', 'how', 'this', 'security', 'guard', 'is', 'just', 'casually', 'sleeping', 'next', 'to', 'a', 'naked', 'guy', ""'s"", 'butt', 'and', 'he', 'doe', ""n't"", 'even', 'know', '.', 'Really', 'awkward', 'yet', 'funny', 'at', 'the', 'same', 'time', '.']"
Impressionism/claude-monet/the-isle-grande-jatte.jpg,security,"['The', 'building', 'and', 'home', 'in', 'the', 'background', 'are', 'a', 'happy', 'yellow', 'color', 'and', 'the', 'branch', 'provide', 'a', 'sense', 'of', 'security', '.']"
Expressionism/lucian-freud/reflection-with-two-children-self-portrait-1965.jpg,security,"['The', 'subject', 'look', 'self-assured', '.', 'The', 'grey', 'suit', 'is', 'mundane', 'but', 'communicates', 'security', '.']"
Romanticism/jan-matejko/diet-in-gasawa.jpg,safety,"['The', 'female', 'in', 'the', 'center', 'may', 'have', 'her', 'baby', 'taken', 'away', 'so', 'it', 'make', 'me', 'fearful', '.', 'The', 'guy', 'on', 'the', 'right', 'is', 'looking', 'angrily', 'at', 'her', 'so', 'I', 'fear', 'for', 'her', 'safety', '.']"
Realism/ioannis-altamouras/yacht.jpg,safety,"['The', 'ship', 'appears', 'ready', 'to', 'capsize', 'at', 'any', 'moment', 'from', 'these', 'roaring', 'wave', '.', 'I', 'am', 'worried', 'about', 'the', 'safety', 'of', 'the', 'very', 'small', 'people', 'on', 'that', 'ship', 'compared', 'to', 'an', 'enormous', ',', 'volatile', 'sea', '.']"
Baroque/rembrandt/healing-of-peter-s-mother-in-law-1660.jpg,safety,"['I', 'feel', 'a', 'sense', 'of', 'admiration', 'for', 'the', 'fellow', 'who', 'is', 'helping', 'the', 'lady', '.', 'The', 'way', 'he', 'is', 'holding', 'her', 'hand', 'and', 'securing', 'her', 'safety', ',', 'the', 'way', 'she', 'is', 'looking', 'at', 'him', '.']"
Baroque/rembrandt/joris-de-caullery-1632.jpg,security,"['security', '.', 'Makes', 'me', 'feel', 'like', 'he', 'is', 'someone', 'who', 'can', 'protect', 'me', 'and', 'someone', 'who', 'you', 'can', 'trust', '.']"
Art_Nouveau_Modern/serge-sudeikin/carnival-scene.jpg,safety,"['I', 'fear', 'for', 'the', 'woman', ""'s"", 'safety', 'a', 'a', 'man', 'in', 'a', 'mask', 'is', 'coming', 'up', 'behind', 'her', 'and', 'could', 'be', 'up', 'to', 'no', 'good', '.']"
Art_Nouveau_Modern/sergey-solomko/human-shield.jpg,safety,"['The', 'woman', ""'s"", 'expression', 'look', 'like', 'something', 'is', 'coming', 'for', 'her', 'and', 'her', 'child', '.', 'Their', 'safety', 'look', 'in', 'jeopardy', '.']"
Impressionism/claude-monet/vetheuil-pink-effect.jpg,safety,"['The', 'yellow', 'and', 'orange', 'paint', 'on', 'the', 'building', 'inspire', 'happiness', 'and', 'safety', '.']"
Baroque/rembrandt/saskia-with-a-child.jpg,security,"['A', 'mother', 'hold', 'her', 'child', ',', 'bending', 'her', 'head', 'to', 'kiss', 'his', 'cheek', 'affectionately', '.', 'It', ""'s"", 'a', 'simple', ',', 'loving', 'scene', 'of', 'home', 'and', 'family', ',', 'the', 'comfort', 'of', 'young', 'childhood', 'and', 'the', 'security', 'of', 'the', 'mother', ""'s"", 'arm', '.']"
Post_Impressionism/paul-cezanne/chateau-de-madan.jpg,safety,"['There', 'is', 'safety', 'and', 'tranquility', 'in', 'the', 'white', 'bulk', 'of', 'the', 'house', 'hidden', 'behind', 'graceful', 'tree', 'and', 'massed', 'shrub', '.', 'The', 'clear', 'blue', 'sky', 'and', 'tall', 'slender', 'tree', 'make', 'this', 'look', 'like', 'a', 'Mediterranean', 'villa', ',', 'prosperous', ',', 'solid', ',', 'and', 'quiet', '.', 'It', ""'s"", 'a', 'stronghold', 'of', 'wealth', 'and', 'peace', '.']"
Post_Impressionism/paul-cezanne/plain-by-mont-sainte-victoire.jpg,safety,"['The', 'gentle', 'brush', 'stroke', 'and', 'warm', 'color', 'combine', 'to', 'form', 'a', 'feeling', 'of', 'safety', 'and', 'familiarity']"
Romanticism/johann-koler/the-artist-s-birthplace-1863.jpg,safety,"['With', 'night', 'drawing', 'in', 'and', 'cloud', 'lowering', ',', 'the', 'log', 'cabin', 'with', 'it', 'tall', 'thatched', 'roof', 'represents', 'comfort', ',', 'safety', ',', 'and', 'homeliness', '.', 'The', 'owl', 'overhead', 'and', 'the', 'red', 'fox', 'suggest', 'the', 'wildlife', 'awakening', 'a', 'the', 'sun', 'set', ',', 'and', 'the', 'whole', 'scene', 'is', 'wholesome', ',', 'a', 'pretty', 'country', 'place', '.']"
Romanticism/ivan-aivazovsky/view-on-lagoon-of-venice-1841.jpg,safety,"['Although', 'there', 'is', 'a', 'family', 'ready', 'for', 'a', 'morning', 'boat', 'ride', ',', 'the', 'thought', 'that', 'they', 'are', 'refugee', 'seeking', 'safety', 'put', 'fear', 'in', 'me', '.']"
Impressionism/claude-monet/the-sea-at-fecamp-1881.jpg,safety,"['The', 'wave', 'hitting', 'the', 'rock', 'make', 'me', 'feel', 'like', 'I', ""'m"", 'hitting', 'the', 'rock', 'myself', '.', 'Society', 'is', 'crazy', 'right', 'now', 'and', 'I', 'feel', 'like', 'the', 'wave', 'are', 'keeping', 'me', 'from', 'getting', 'up', 'and', 'to', 'safety', '.']"
Baroque/rembrandt/the-flight-into-egypt-a-night-piece-1651.jpg,safety,"['The', 'people', 'are', 'traveling', 'the', 'in', 'the', 'dark', 'and', 'I', 'fear', 'for', 'their', 'safety']"
Post_Impressionism/paul-cezanne/still-life-in-front-of-a-chest-of-drawers.jpg,security,"['The', 'still', 'life', 'is', 'orderly', 'and', 'appealing', ',', 'soothing', 'to', 'the', 'nerve', 'with', 'the', 'bowl', 'of', 'ripe', 'peach', 'on', 'a', 'linen', 'cloth', '.', 'The', 'ceramic', 'vas', 'are', 'pretty', ',', 'the', 'large', 'chest', 'in', 'the', 'background', 'giving', 'a', 'feeling', 'of', 'solidity', 'and', 'homely', 'security', '.']"
Impressionism/claude-monet/the-doges-palace-seen-from-san-giorgio-maggiore-2.jpg,safety,"['The', 'yellow', 'building', 'inspire', 'happiness', 'and', 'safety', 'a', 'they', 'sit', 'peacefully', 'in', 'front', 'of', 'serene', 'water', '.']"
Ukiyo_e/utagawa-kuniyoshi/miyamoto-musashi-killing-a-giant.jpg,safety,"['This', 'man', 'appears', 'to', 'be', 'battling', 'an', 'over-sized', 'dragon', ',', 'so', 'I', 'fear', 'for', 'his', 'safety']"
Symbolism/james-tissot/the-death-of-aaron.jpg,safety,"['I', 'feel', 'a', 'sense', 'of', 'calm', 'and', 'safety', 'and', 'serenity', ',', 'even', '.']"
Abstract_Expressionism/jack-tworkov/indian-red-series-i-1979.jpg,security,"['this', 'reminds', 'me', 'of', 'laser', 'security', 'of', 'sort', 'in', 'a', 'museum', '.']"
Ukiyo_e/utagawa-kuniyoshi/lingering-snow-at-ishiyama.jpg,safety,"['This', 'feel', 'just', 'creepy', 'to', 'me', '.', 'There', 'appears', 'to', 'be', 'an', 'unsuspecting', 'woman', 'in', 'the', 'background', 'and', 'this', 'man', 'is', 'popping', 'up', 'out', 'of', 'the', 'shrubbery', 'looking', 'for', 'her', '.', 'It', 'appears', 'he', ""'s"", 'up', 'to', 'no', 'good', 'otherwise', 'he', 'would', ""n't"", 'be', 'hiding', 'like', 'that', '.', 'It', 'make', 'me', 'fear', 'for', 'her', 'safety', '.']"
Naive_Art_Primitivism/marc-chagall/bushes-and-angel-sketch-to-vitrage-in-chapelle-des-cordeliers-in-sarrebourg-1976.jpg,security,"['Light', 'and', 'airy', 'feel', 'and', 'added', 'sense', 'of', 'security', 'with', 'the', 'angel', 'flying', 'on', 'top']"
Expressionism/chaim-soutine/little-girl-with-doll.jpg,security,"['The', 'child', 'look', 'to', 'be', 'using', 'a', 'security-toy', 'to', 'deal', 'with', 'fear', 'she', 'or', 'distress', 'she', 'is', 'feeling', '.']"
Symbolism/james-tissot/the-apparition-mezzotine-second-state.jpg,safety,"['I', 'see', 'safety', 'in', 'the', 'glowing', 'light', 'within', 'their', 'palm', '.', 'Their', 'face', 'show', 'kindness', '.', 'The', 'woman', 'look', 'in', 'and', 'her', 'eye', 'are', 'offering', 'protection..']"
Minimalism/perle-fine/accordment-series-15-on-its-way-1977.jpg,security,"['For', 'whatever', 'reason', 'this', 'set', 'me', 'on', 'edge', '.', 'Like', 'a', 'false', 'sense', 'of', 'security', 'in', 'a', 'painting', '.']"
Post_Impressionism/ferdynand-ruszczyc/lighthouse-1903.jpg,safety,"['I', 'am', 'not', 'sure', 'whether', 'the', 'beautiful', 'black', 'and', 'gold', 'ship', 'are', 'headed', 'towards', 'the', 'rock', 'and', 'doom', ',', 'or', 'safety', ',', 'or', 'outwards', 'towards', 'adventure', '.', 'The', 'orange', 'and', 'deep', 'blue', 'seem', 'portentous', 'of', 'something', 'that', 'could', 'be', 'peril', 'or', 'adventure', '.']"
Symbolism/hugo-simberg/spring-evening-during-the-ice-break-1897.jpg,security,"['The', 'dark', 'image', 'against', 'the', 'water', 'appears', 'a', 'a', 'boat', 'and', 'the', 'yellow', 'sunset', 'is', 'pleasing', 'and', 'calming', 'adding', 'security', 'to', 'the', 'scene']"
Art_Nouveau_Modern/carlos-saenz-de-tejada/don-juan-tenorio-1.jpg,safety,"['The', 'dark', 'color', 'make', 'me', 'feel', 'concerned', 'for', 'the', 'woman', ""'s"", 'safety', '.']"
Baroque/rembrandt/the-bastion-in-amsterdam.jpg,security,"['The', 'peace', 'and', 'security', 'of', 'farm', 'living', 'can', 'bring', 'comfort', 'to', 'the', 'soul', '.']"
Baroque/rembrandt/self-portrait-1665-1.jpg,safety,"['I', 'feel', 'safety', ',', 'I', 'think', 'because', 'this', 'person', ""'s"", 'hat', 'resembles', 'a', 'nurse', ""'s"", 'cap', '.']"
Realism/isaac-levitan/oak-grove-autumn-1880.jpg,safety,"['The', 'tree', 'seem', 'to', 'offer', 'shelter', 'and', 'safety', 'from', 'the', 'outside', 'world', '.']"
Realism/isaac-levitan/old-yard-plyos-1890.jpg,safety,"['A', 'creepy', 'dwelling', 'like', 'in', 'a', 'very', 'poor', 'section', 'of', 'town', 'with', 'not', 'much', 'to', 'offer', 'the', 'occupant', 'a', 'far', 'a', 'safety', 'from', 'danger', '.']"
Expressionism/amadeo-de-souza-cardoso/brook-house-1913.jpg,security,"['It', 'feel', 'like', 'home', '.', 'The', 'red', 'roof', ',', 'the', 'rolling', 'hill', ',', 'the', 'goose', 'and', 'chicken', 'meandering', 'across', 'the', 'field', ',', 'and', 'the', 'solid', 'wall', 'give', 'a', 'sense', 'of', 'comfort', 'and', 'security', '.']"
Realism/aleksey-savrasov/landscape-with-road-1855.jpg,safety,"['The', 'wood', 'are', 'dark', 'and', 'it', 'make', 'me', 'worry', 'for', 'my', 'safety', '.']"
Romanticism/alexander-orlowski/town-carriage-droshky-1820.jpg,safety,"['I', 'fear', 'for', 'the', 'safety', 'of', 'the', 'dog', 'in', 'this', 'painting', '.']"
Early_Renaissance/benozzo-gozzoli/procession-of-the-magus-caspar-detail-1461-7.jpg,safety,"['This', 'painting', 'make', 'you', 'fear', 'for', 'the', 'bull', 'safety', '.', 'It', 'look', 'like', 'he', ""'s"", 'going', 'to', 'be', 'eaten', 'by', 'the', 'big', 'cat', '.']"
Naive_Art_Primitivism/edith-vonnegut/garden-hose.jpg,safety,"['I', 'hate', 'to', 'see', 'this', 'woman', 'killing', 'a', 'tiger', '.', 'I', 'understand', 'she', 'may', 'fear', 'for', 'her', 'baby', 'safety', ',', 'but', 'it', ""'s"", 'still', 'hard', 'to', 'see', 'that', '.', 'She', 'look', 'strong', 'and', 'independent', '.']"
High_Renaissance/giorgione/the-flute-player-1510(2).jpg,safety,"['The', 'dark', 'background', 'and', 'the', 'fact', 'the', 'man', 'hat', 'wa', 'knocked', 'off', 'his', 'head', 'make', 'me', 'fear', 'for', 'his', 'safety', '.']"
Expressionism/albert-bloch/cityscape-with-tower.jpg,safety,"['The', 'vibrant', 'orange', 'color', 'on', 'the', 'roof', 'inspire', 'safety', 'and', 'happiness', 'in', 'me', '.']"
Pop_Art/allan-d'arcangelo/mr-and-mrs-moby-dick.jpg,security,"['It', 'make', 'me', 'feel', 'like', 'I', ""'m"", 'being', 'watched', 'because', 'the', 'object', 'resemble', 'security', 'camera', '.']"
Naive_Art_Primitivism/antonio-ligabue/horses-with-storm.jpg,safety,"['Everything', 'in', 'this', 'photo', 'seems', 'out', 'of', 'control', '.', 'The', 'horse', 'look', 'very', 'afraid', 'and', 'unstable', ',', 'the', 'people', 'look', 'scared', 'of', 'tipping', 'over', ',', 'and', 'the', 'sky', 'is', 'full', 'of', 'lightening', '.', 'I', 'feel', 'nervous', 'about', 'the', 'safety', 'of', 'all', 'of', 'the', 'picture', ""'s"", 'subject', '.']"
High_Renaissance/andrea-del-sarto/madonna-and-child-with-st-john-the-baptist.jpg,security,"['The', 'child', ""'s"", 'face', 'show', 'amusement', ',', 'comfort', ',', 'and', 'security', '.']"
High_Renaissance/andrea-mantegna/adoration-of-the-magi-1500.jpg,safety,"['This', 'depiction', 'is', 'of', 'Jesus', 'meeting', 'the', 'wise', 'men', 'give', 'me', 'a', 'comfort', 'and', 'safety', 'a', 'a', 'christian', '.']"
Expressionism/albert-bloch/procession-with-the-cross.jpg,safety,"['The', 'orange', 'and', 'red', 'in', 'this', 'picture', 'foreshadow', 'death', ',', 'but', 'the', 'two', 'people', 'hiding', 'make', 'me', 'fear', 'for', 'their', 'safety', 'in', 'light', 'of', 'the', 'cross', 'being', 'carried', 'ny', 'the', 'monk']"
Rococo/antoine-pesne/the-actress-babette-cochois-1750.jpg,safety,"['The', 'man', 'in', 'the', 'background', 'make', 'me', 'fear', 'for', 'the', 'girl', ""'s"", 'safety', '.']"
Mannerism_Late_Renaissance/paolo-veronese/the-triumph-of-mordecai-1556.jpg,safety,"['The', 'painting', 'is', 'busy', 'with', 'war-like', 'action', ',', 'which', 'make', 'me', 'fearful', 'for', 'the', 'safety', 'of', 'everyone', 'involved']"
Baroque/bartolome-esteban-murillo/the-flight-into-egypt-1650.jpg,safety,"['The', 'man', 'leading', 'his', 'new', 'baby', 'and', 'wife', 'to', 'safety', 'make', 'me', 'feel', 'content', 'and', 'the', 'color', 'make', 'me', 'feel', 'calm']"
Symbolism/gustave-moreau/st-sebastian-and-the-angel-1876.jpg,security,"['The', 'angel', 'brings', 'a', 'sense', 'of', 'security', 'to', 'the', 'naked', 'man', '.']"
Ukiyo_e/utagawa-kuniyoshi/dragon.jpg,safety,"['all', 'of', 'the', 'jagged', 'pointy', 'line', ',', 'and', 'the', 'expression', 'on', 'the', 'creature', 'brings', 'you', 'inside', 'the', 'image', ',', 'and', 'make', 'you', 'afraid', 'for', 'your', 'safety', '.']"
Early_Renaissance/giovanni-bellini/dead-christ-supported-by-angels-1485-1.jpg,safety,"['The', 'color', 'and', 'angel', 'depict', 'safety', 'and', 'warmth', '.', 'The', 'figure', 'is', 'injured', 'but', 'appears', 'to', 'feel', 'safe']"
Symbolism/gustave-moreau/jason-1865.jpg,safety,"['The', 'dark', 'background', 'make', 'me', 'fear', 'for', 'the', 'character', ""'"", 'safety', '.']"
Naive_Art_Primitivism/henri-rousseau/tiger-in-a-tropical-storm-surprised-1891.jpg,safety,"['The', 'tiger', 'look', 'angry', 'and', 'ready', 'to', 'pounce', '.', 'I', 'fear', 'for', 'the', 'safety', 'of', 'it', 'prey', '.']"
Baroque/bernardo-strozzi/the-healing-of-tobit-1630.jpg,safety,"['Thi', 'family', 'look', 'like', 'they', 'are', 'preparing', 'this', 'man', 'for', 'death', ',', 'while', 'an', 'angel', 'watch', 'on', 'to', 'protect', 'him', 'from', 'evil', '.', 'The', 'warm', 'color', 'portray', 'safety']"
Realism/boris-kustodiev/general-of-infantry-christopher-roop-1902.jpg,security,"['He', 'look', 'very', 'stoic', ',', 'yet', 'relaxed', '.', 'It', 'is', 'almost', 'a', 'feeling', 'of', 'security', 'with', 'him', '``', 'in', 'charge', ""''""]"
Baroque/bartolome-esteban-murillo/promenade-st-joseph-and-the-infant-jesus.jpg,safety,"['Is', 'this', 'St', 'Christopher', 'showing', 'young', 'Jesus', ',', 'the', 'road', 'to', 'safety/', 'the', 'gold', 'frame', 'and', 'the', 'gold', 'detail', 'in', 'a', 'very', 'serious', 'painting', 'are', 'amazing', '.']"
Art_Nouveau_Modern/carl-larsson/my-mother-1893(1).jpg,security,"['A', 'woman', 'warmed', 'by', 'her', 'shawl', 'is', 'like', 'having', 'a', 'security', 'blanket', 'around', 'her', '.']"
Impressionism/antoine-blanchard/rue-tronchet-la-madeleine.jpg,safety,"['A', 'very', 'clear', 'sky', 'winter', 'afternoon', 'in', 'a', 'city', 'give', 'a', 'warm', 'feeling', 'of', 'safety', 'with', 'no', 'one', 'worrying', 'about', 'anything']"
Realism/boris-kustodiev/portrait-of-d-s-stelletsky-1907.jpg,safety,"['The', 'interlaced', 'finger', 'against', 'the', 'body', 'along', 'with', 'the', 'subdued', 'color', 'seem', 'to', 'represent', 'safety', 'and', 'contentment']"
Mannerism_Late_Renaissance/paolo-veronese/the-triumph-of-virtue-over-vice-1556.jpg,safety,"['The', 'long', 'white', 'cloud', 'are', 'like', 'rope', 'to', 'safety', '.']"
Naive_Art_Primitivism/henri-rousseau/the-walk-in-the-forest-1890.jpg,safety,"['The', 'lady', 'in', 'red', 'is', 'walking', 'through', 'the', 'wood', 'alone', 'and', 'look', 'startled', '.', 'Makes', 'me', 'fearful', 'for', 'her', 'safety', 'a', 'she', 'ha', 'nobody', 'with', 'her', 'to', 'be', 'protected']"
Expressionism/pyotr-konchalovsky/still-life-tray-and-green-cardboard-box-1912.jpg,safety,"['These', 'dish', 'are', 'so', 'special', 'to', 'our', 'Aunt', 'that', 'i', 'am', 'afraid', 'for', 'their', 'safety', 'with', 'the', 'child', 'coming', 'over', 'for', 'the', 'next', 'few', 'day', '.']"
Minimalism/john-mclaughlin/untitled-composition-1953.jpg,safety,"['it', ""'s"", 'a', 'if', 'your', 'back', 'is', 'against', 'the', 'wall', 'but', 'you', 'find', 'your', 'way', 'out', 'of', 'the', 'maze', 'of', 'confusion', 'to', 'safety', 'once', 'again']"
Cubism/jean-david/boats-of-jewish-immigrants-hamaapilim-1948.jpg,security,"['The', 'pastel', 'color', 'are', 'like', 'a', 'false', 'sense', 'of', 'security', 'when', 'danger', 'lurks', '.']"
Expressionism/arturo-souto/war-scene-1937-1.jpg,safety,"['The', 'gray', 'coloring', 'along', 'with', 'the', 'solemn', 'face', 'of', 'the', 'soldier', 'make', 'me', 'feel', 'sad', 'and', 'worried', 'for', 'their', 'safety', '.']"
Rococo/george-morland/landscape-with-four-horses.jpg,safety,"['The', 'cloud', 'look', 'like', 'a', 'storm', 'is', 'brewing', ',', 'the', 'man', 'could', 'be', 'running', 'to', 'get', 'the', 'horse', 'and', 'lead', 'them', 'to', 'safety', '.']"
Naive_Art_Primitivism/martiros-saryan/illustration-to-armenian-folk-tales-1937-12.jpg,safety,"['I', 'fear', 'for', 'the', 'white', 'bird', 'safety', ',', 'it', 'doe', 'not', 'see', 'the', 'larger', 'dark', 'bird', 'coming', 'from', 'behind', '.']"
Realism/edouard-manet/steamboat-leaving-boulogne-1864.jpg,safety,"['these', 'boat', 'are', 'racing', 'into', 'a', 'massive', 'storm', 'and', 'their', 'safety', 'is', 'at', 'risk']"
Impressionism/camille-pissarro/square-du-vert-galant-sunny-morning-1902.jpg,safety,"['The', 'people', 'are', 'waiting', 'patiently', 'under', 'a', 'statue', 'that', 'represents', 'safety', '.']"
Impressionism/camille-pissarro/place-du-havre-paris-1893.jpg,safety,"['Traffic', 'seems', 'to', 'be', 'moving', 'in', 'all', 'direction', ',', 'make', 'me', 'fear', 'for', 'people', 'safety']"
Art_Nouveau_Modern/ivan-bilibin/illustration-for-the-magazine-art-treasures-of-russia-1903(1).jpg,safety,"['There', 'is', 'a', 'sense', 'of', 'safety', 'and', 'security', 'in', 'this', 'image', '.']"
Romanticism/francisco-goya/the-second-of-may-1808-the-charge-of-the-mamelukes-1814.jpg,safety,"['I', ""'m"", 'more', 'concerned', 'about', 'the', 'horse', ""'s"", 'safety', 'than', 'anyone', 'else', ""'s""]"
Rococo/vladimir-borovikovsky/portrait-of-prince-a-b-kurakin-1799.jpg,safety,"['I', 'can', 'feel', 'this', 'subject', ""'s"", 'supreme', 'security', 'which', 'gave', 'me', 'a', 'feeling', 'of', 'safety', '.', 'His', 'expression', 'feel', 'like', 'he', 'is', 'confident', 'he', 'ha', 'taken', 'care', 'of', 'all', 'his', 'subject', 'well', '.']"
Realism/constantin-stahi/still-life-with-fruit-1915.jpg,security,"['The', 'still', 'life', 'of', 'apple', ',', 'pear', ',', 'and', 'plum', 'show', 'a', 'good', 'harvest', '.', 'The', 'blushing', 'ripe', 'fruit', 'is', 'a', 'reminder', 'that', 'autumn', 'is', 'coming', '.', 'The', 'abundance', 'being', 'brought', 'in', 'is', 'security', 'for', 'the', 'winter', 'and', 'the', 'pleasure', 'of', 'pie', 'and', 'jam', '.', 'There', 'is', 'beauty', 'in', 'the', 'fruit', 'a', 'nature', ""'s"", 'gift', 'shared', 'with', 'human', '.']"
Cubism/paul-cezanne/in-the-park-of-the-chateau-noir.jpg,safety,"['One', 'of', 'my', 'favorite', 'artist', 'and', 'this', 'painting', 'is', 'a', 'lively', 'scene', 'of', 'tree', 'and', 'large', 'outcropping', 'of', 'rock', '.', 'The', 'color', 'are', 'warm', 'and', 'give', 'me', 'the', 'sense', 'of', 'safety', 'and', 'peace', '.']"
Art_Nouveau_Modern/ivan-bilibin/illustration-for-the-fairytale-sinbad-the-sailor(1).jpg,safety,"['I', 'am', 'afraid', 'for', 'the', 'safety', 'of', 'any', 'people', 'who', 'are', 'on', 'the', 'boat', 'in', 'the', 'raging', 'water', '.']"
Realism/edouard-manet/fishing-boat-coming-in-before-the-wind-the-kearsarge-in-boulogne-1864.jpg,safety,"['The', 'ocean', 'is', 'obvious', 'moving', 'heavily', 'in', 'this', 'scene', ',', 'a', 'the', 'ship', 'are', 'struggling', 'to', 'angle', 'a', 'straight', 'and', 'narrow', 'path', 'to', 'safety', '.']"
Naive_Art_Primitivism/niko-pirosmani/black-buffulo-on-a-white-background.jpg,safety,"['The', 'cow', 'front', 'paw', 'look', 'like', 'he', 'ha', 'stepped', 'on', 'a', 'safety', 'pin']"
New_Realism/edward-hopper/paris-street.jpg,security,"['This', 'setting', 'of', 'an', 'urban', 'city', 'make', 'me', 'feel', 'at', 'home', '.', 'The', 'color', 'are', 'very', 'simple', 'but', 'capture', 'the', 'quality', 'of', 'security', 'city', 'provide', '.']"
New_Realism/edward-hopper/the-bridge-of-art.jpg,safety,"['This', 'painting', 'make', 'me', 'wonder', 'where', 'the', 'people', 'on', 'the', 'bridge', 'are', 'going', '.', 'They', 'are', 'clearly', 'moving', ',', 'it', 'look', 'like', 'in', 'a', 'hurry', '.', 'Maybe', 'to', 'safety', '?', 'Maybe', 'to', 'a', 'party', '?']"
New_Realism/john-french-sloan/blond-nude-and-flowers-1929.jpg,safety,"['The', 'woman', 'look', 'exhausted', 'and', 'like', 'her', 'eye', 'are', 'red', ',', 'I', ""'m"", 'just', 'worried', 'about', 'her', 'a', 'fearful', 'for', 'her', 'safety']"
Romanticism/ivan-aivazovsky/seascape-1856.jpg,safety,"['The', 'high', 'wave', ',', 'the', 'rocky', 'shore', ',', 'and', 'the', 'listing', 'ship', 'all', 'make', 'me', 'fearful', 'for', 'the', 'safety', 'of', 'the', 'people', 'in', 'the', 'lifeboat', 'approaching', 'the', 'shore']"
Post_Impressionism/moise-kisling/the-hands.jpg,safety,"['Everything', 'about', 'this', 'let', 'me', 'know', 'we', ""'re"", 'going', 'to', 'be', 'alright', '.', 'Safety', ',', 'security', '.']"
Romanticism/ivan-aivazovsky/the-black-sea-at-night.jpg,safety,"['There', 'are', 'dark', 'cloud', 'in', 'the', 'sky', 'an', 'the', 'ocean', 'is', 'rough', '.', 'It', 'doe', 'not', 'look', 'safe', 'for', 'the', 'sailboat', 'to', 'be', 'leaving', 'the', 'safety', 'of', 'land', 'for', 'these', 'rough', 'water', '.']"
Romanticism/ivan-aivazovsky/jesus-walks-on-water-1888.jpg,security,"['the', 'dark', 'choppy', 'water', 'cause', 'fear', 'yet', 'the', 'appearance', 'of', 'God', 'creates', 'a', 'feeling', 'of', 'security', 'and', 'disbelief']"
Impressionism/claude-monet/customs-house.jpg,safety,"['uncertainity.The', 'picture', 'of', 'a', 'small', 'poorly', 'built', 'house', 'so', 'close', 'to', 'the', 'sea', 'make', 'me', 'uncomfortable', 'for', 'the', 'family', 'safety', 'during', 'the', 'time', 'of', 'heavy', 'storm', '.']"
Baroque/peter-paul-rubens/the-resurrection-of-christ-1612.jpg,security,"['While', 'a', 'religious', 'painting', 'should', 'evoke', 'security', 'this', 'one', 'seems', 'negative', 'because', 'of', 'the', 'men', 'cowering', 'down', '.']"
Realism/ilya-repin/nativity-1890.jpg,security,"['The', 'lone', 'candle', 'with', 'the', 'comforting', 'embrace', 'of', 'the', 'parent', 'in', 'the', 'shadow', 'is', 'very', 'relaxing', '.', 'It', ""'s"", 'security', 'in', 'the', 'face', 'of', 'the', 'unknown', 'which', 'is', 'nice', '.']"
Baroque/rembrandt/bellona-1633.jpg,safety,"['The', 'sadness', 'in', 'the', 'dark', 'color', 'and', 'the', 'expression', 'of', 'the', 'face', 'that', 'appears', 'fighting', 'for', 'safety', '.']"
Realism/ilya-repin/kuzma-minin-1894.jpg,safety,"['This', 'ha', 'a', 'very', '``', 'hometown', ""''"", 'vibe', 'to', 'it', '.', 'Safety', ',', 'security']"
Realism/ilya-repin/portrait-of-a-military-engineer-captain-a-shevtsov-brother-of-the-artist-s-wife-1876.jpg,security,"['Man', 'in', 'royal', 'uniform', 'give', 'me', 'the', 'feeling', 'of', 'pride', 'in', 'our', 'military', '.', 'He', 'seems', 'strong', 'and', 'give', 'me', 'a', 'feeling', 'of', 'security', '.']"
Expressionism/kathe-kollwitz/not/detected/235978.jpg,safety,"['The', 'adult', 'figure', 'look', 'threatening', '.', 'I', 'am', 'concerned', 'for', 'the', 'safety', 'of', 'the', 'child', 'in', 'this', 'image']"
Baroque/peter-paul-rubens/the-entombment-1612.jpg,safety,"['they', 'are', 'carrying', 'him', 'to', 'a', 'point', 'of', 'safety', 'and', 'quickly']"
Art_Nouveau_Modern/nicholas-roerich/rostov-veliky-hierarch-s-towers-1903.jpg,safety,"['The', 'window', 'above', 'have', 'a', 'burgundy', 'mesh', 'that', 'strike', 'chord', 'of', 'safety', 'and', 'contentment', '.']"
Romanticism/ivan-aivazovsky/the-shipwreck-1864-1.jpg,safety,"['The', 'wave', 'are', 'high', 'and', 'look', 'like', 'they', ""'ve"", 'capsized', 'a', 'ship', '.', 'Someone', 'on', 'the', 'rock', 'is', 'climbing', 'to', 'safety', ',', 'but', 'it', 'look', 'like', 'the', 'water', 'is', 'trying', 'to', 'drag', 'him', 'in', '.', 'The', 'stormy', 'sky', 'is', 'foreboding', '.']"
Romanticism/ivan-aivazovsky/approximation-of-the-storm-1877.jpg,safety,"['A', 'sailing', 'boat', 'seems', 'to', 'be', 'braving', 'the', 'rough', 'wave', 'to', 'safety', '.']"
Romanticism/ivan-aivazovsky/ox-train-on-the-sea-shore-1860.jpg,safety,"['The', 'straight', 'line', 'of', 'wagon', 'on', 'the', 'road', 'under', 'the', 'large', 'sky', 'ensure', 'safety', '.']"
Romanticism/ivan-aivazovsky/fishermen-returning-near-naples-1874.jpg,safety,"['The', 'ship', 'appears', 'to', 'have', 'arrived', 'at', 'the', 'beach', 'to', 'safety', '.']"
Art_Nouveau_Modern/nicholas-roerich/sketch-of-costumes-for-snow-maiden-2.jpg,security,"['look', 'like', 'they', 'are', 'doing', 'a', 'precautionary', 'security', 'check']"
Expressionism/lovis-corinth/the-walchensee-in-the-moonlight-1920.jpg,safety,"['look', 'like', 'an', 'impending', 'tidal', 'wave', 'must', 'get', 'to', 'safety']"
Impressionism/claude-monet/not/detected/212140.jpg,safety,"['The', 'muted', 'color', ',', 'the', 'high', 'wave', 'and', 'the', 'broken', 'boat', 'make', 'me', 'fear', 'for', 'their', 'safety', '.']"
Romanticism/ivan-aivazovsky/the-wrath-of-the-seas-1886.jpg,safety,"['The', 'gathering', 'storm', 'and', 'the', 'rough', 'see', 'creates', 'a', 'sense', 'of', 'fear', 'for', 'the', 'safety', 'of', 'the', 'men', 'in', 'the', 'boat', '.']"
Symbolism/nicholas-roerich/monhigan-study-1922-4.jpg,safety,"['The', 'properly', 'labeled', 'mountain', 'range', 'equal', 'preparedness', 'and', 'safety', '.']"
Romanticism/ivan-aivazovsky/sunset-at-sea-1899.jpg,safety,"['The', 'water', 'is', 'choppy', 'and', 'the', 'boat', 'doe', ""n't"", 'provide', 'a', 'lot', 'of', 'safety', 'feature', '.']"
Romanticism/ivan-aivazovsky/island-of-ischia-1892.jpg,safety,"['The', 'sun', 'is', 'setting', 'softly', 'over', 'the', 'ocean', ',', 'and', 'the', 'boat', 'ha', 'almost', 'reached', 'safety']"
Art_Nouveau_Modern/raphael-kirchner/girls-heads-in-a-circle-1901.jpg,safety,"['The', 'bit', 'at', 'the', 'top', 'look', 'like', 'a', 'crown', 'and', 'the', 'bit', 'at', 'the', 'bottom', 'look', 'like', 'a', 'necklace', '.', 'And', 'the', 'iron', 'cross', 'seems', 'strange', 'while', 'the', 'figure', 'look', 'oriental', '.', 'Her', 'upturned', 'nose', 'and', 'the', 'angle', 'of', 'her', 'head', 'make', 'her', 'seem', 'fearful', 'of', 'her', 'safety', '.', 'The', 'color', 'and', 'pattern', 'around', 'her', 'head', 'look', 'more', 'like', 'a', 'map', 'to', 'an', 'unknown', 'location', 'and', 'add', 'great', 'mystery', 'and', 'curiosity', 'to', 'this', 'piece', '.']"
Romanticism/ivan-aivazovsky/stormy-sea-1887.jpg,safety,"['It', 'is', 'well', 'drawn', 'and', 'make', 'me', 'feel', 'for', 'the', 'safety', 'of', 'the', 'ship', 'in', 'the', 'storm', '.']"
Post_Impressionism/oleksandr-bogomazov/self-portrait-1911.jpg,security,"['Looks', 'like', 'one', 'of', 'those', 'zoomed', 'in', 'photo', 'from', 'a', 'security', 'cam']"
Romanticism/ivan-aivazovsky/the-ninth-wave-1857.jpg,safety,"['The', 'boat', 'is', 'approaching', 'a', 'tumultuous', 'wave', 'and', 'their', 'only', 'safety', 'tool', 'is', 'a', 'lone', 'flame', '.']"
Symbolism/nicholas-roerich/rohtang-pass-1931.jpg,safety,"['severe', 'mountain', 'in', 'the', 'thin', ',', 'crisp', 'air', 'create', 'an', 'air', 'of', 'danger', 'so', 'far', 'from', 'safety']"
Symbolism/nicholas-roerich/runaways-1943.jpg,safety,"['A', 'man', 'rowing', 'through', 'a', 'large', 'stretch', 'of', 'ocean', 'in', 'just', 'a', 'small', 'row', 'boat', 'make', 'me', 'fear', 'for', 'his', 'safety', 'and', 'hope', 'that', 'he', 'make', 'it', 'to', 'land', '.']"
Realism/ilya-mashkov/breakfast-still-life-1924.jpg,security,"['the', 'warm', 'color', 'and', 'the', 'abundance', 'of', 'food', 'add', 'a', 'sense', 'of', 'security']"
Romanticism/ivan-aivazovsky/night.jpg,safety,"['The', 'illumination', 'of', 'this', 'moon', 'upon', 'the', 'peaceful', 'sailboat', 'and', 'the', 'safety', 'and', 'of', 'the', 'shadow']"
Baroque/peter-paul-rubens/landscape-with-a-watering-place.jpg,safety,"['The', 'bright', 'sunlight', 'shining', 'over', 'the', 'small', 'house', 'inform', 'if', 'safety', '.']"
Romanticism/ivan-aivazovsky/sea-at-night-1861.jpg,safety,"['The', 'steep', 'mountain', 'and', 'the', 'moonlight', 'provide', 'safety', 'to', 'the', 'inhabitant', 'of', 'the', 'isolated', 'town', '.']"
Romanticism/ivan-aivazovsky/on-the-storm-1899.jpg,safety,"['The', 'men', 'appear', 'to', 'have', 'washed', 'onto', 'the', 'shore', 'in', 'safety', 'despite', 'the', 'rough', 'sea', '.']"
Symbolism/nicholas-roerich/river-chandra-1932.jpg,safety,"['The', 'strong', 'mountain', 'seems', 'to', 'protect', 'this', 'city', 'in', 'a', 'powerful', ',', 'yet', 'simple', 'way', '.', 'A', 'strong', 'arm', 'of', 'safety', 'for', 'the', 'city', ""'s"", 'inhabitant', '.', 'The', 'softness', 'of', 'purple', 'and', 'blue', 'of', 'the', 'mountain', 'contrast', 'well', 'with', 'the', 'darker', 'orange', 'and', 'white', 'of', 'the', 'city', 'structure', '.']"
Romanticism/ivan-aivazovsky/ship-in-a-storm-1895.jpg,safety,"['The', 'cloudy', 'storm', 'like', 'weather', 'cause', 'concern', 'for', 'the', 'ship', 'safety', '.']"
Post_Impressionism/maurice-utrillo/square-tertre-on-montmartre.jpg,safety,"['The', 'window', 'in', 'the', 'lower', 'right', 'ha', 'a', 'double', 'cross', ',', 'filling', 'me', 'with', 'safety', 'and', 'contentment', '.']"
Romanticism/ivan-aivazovsky/crimean-landscape-with-a-sailboat-1874.jpg,safety,"['i', 'worry', 'for', 'the', 'safety', 'of', 'the', 'ship', 'in', 'those', 'wave']"
Romanticism/ferdinand-georg-waldmã¼ller/the-dachstein-1835.jpg,security,"['mountain', 'landscape', 'are', 'breathtaking', 'and', 'give', 'off', 'a', 'sense', 'of', 'security']"
Pop_Art/roy-lichtenstein/the-grip-1962.jpg,safety,"['The', 'bundled', 'up', 'fist', ',', 'red', 'color', 'used', ',', 'and', 'the', 'pointed', 'safety', 'pin', 'make', 'me', 'feel', 'quite', 'uncomfortable', ',', 'a', 'if', 'danger', 'lie', 'ahead', '.']"
Post_Impressionism/gustave-loiseau/landscape-near-auxerre-1908.jpg,safety,"['Boredom', '.', 'I', 'am', 'not', 'a', 'fan', 'of', 'impressionism', 'a', 'my', 'mind', 'craves', 'more', 'detail', '.', 'My', 'background', 'is', 'in', 'construction', ',', 'so', 'I', 'want', 'to', 'see', 'more', 'detail', 'than', 'a', 'handful', 'of', 'pointy', 'structure', 'with', 'chimney', '.', 'While', 'I', 'can', 'understand', 'the', 'need', 'for', 'two', 'chimney', 'on', 'both', 'the', 'center', 'and', 'left', 'structure', ',', 'I', 'am', 'at', 'a', 'loss', 'a', 'to', 'why', 'the', 'structure', 'on', 'the', 'right', 'ha', '3', '.', 'Further', ',', 'how', 'anyone', 'could', 'have', 'that', 'inward-leaning', ',', 'shake', 'roof', 'and', 'not', 'have', 'had', 'a', 'fire', 'by', 'now', '.', 'I', 'ca', ""n't"", 'understand', 'why', 'there', 'is', 'laundry', 'hung', 'halfway', 'up', 'the', 'roof', '.', 'The', 'garden', 'wall', 'to', 'the', 'right', 'becomes', 'a', 'blur', 'a', 'it', 'meet', 'the', 'door', 'connecting', 'it', 'with', 'the', 'house', '.', 'The', '2nd', 'story', 'casement', 'make', 'entirely', 'no', 'sense', ',', 'nor', 'doe', 'the', 'white', 'rectangle', 'diagonally', 'under', 'it', '.', 'The', 'house', 'in', 'the', 'center', 'also', 'ha', 'a', 'dilapidated', 'roof', ',', 'and', 'overgrowth', 'that', 'is', 'a', 'safety', 'hazard', '.', 'I', 'do', 'like', 'the', 'shade', 'of', 'blue', ',', 'though', '.', 'The', 'white', 'fence', 'look', 'to', 'be', 'in', 'good', 'repair', '.', 'The', 'building', 'on', 'the', 'left', 'look', 'good', '.', 'The', 'roof', 'look', 'sound', ',', 'a', 'do', 'the', 'exterior', 'wall', '.', 'The', 'door', 'and', 'window', 'casement', 'are', 'all', 'clearly', 'visible', '.', 'The', 'fence', 'is', 'wood', ',', 'and', 'other', 'than', 'some', 'blue', 'staining', ',', 'is', 'in', 'immaculate', 'repair', '.']"
Baroque/francesco-guardi/fire-in-the-oil-depot-at-san-marcuola.jpg,safety,"['This', 'painting', 'ha', 'the', 'whole', 'town', 'on', 'fire', ',', 'making', 'me', 'fear', 'for', 'everyone', ""'s"", 'life', 'and', 'safety']"
Baroque/francesco-guardi/the-punta-di-dogana.jpg,safety,"['Looks', 'like', 'people', 'are', 'fleeing', 'from', 'something', ',', 'like', 'a', 'wave', 'of', 'people', 'seeking', 'the', 'safety', 'of', 'another', 'city']"
Naive_Art_Primitivism/marc-chagall/moses-casts-his-stick-that-transformed-into-a-snake-on-the-orders-of-the-lord-that-referred-to.jpg,safety,"['Watching', 'the', 'snake', 'charmer', 'make', 'you', 'fearful', 'for', 'his', 'safety', '.']"
Rococo/joshua-reynolds/mrs-joseph-martin-and-her-son-charles-1760.jpg,security,"['The', 'security', 'of', 'the', 'mother', ""'s"", 'embrace', 'present', 'a', 'feeling', 'of', 'contentment', '.']"
Early_Renaissance/sandro-botticelli/madonna-in-glory-with-seraphim-1470(1).jpg,security,"['Simple', 'and', 'feeling', 'of', 'security', 'and', 'love', 'when', 'looking', 'at', 'this']"
Impressionism/berthe-morisot/julie-manet-and-her-greyhound-laerte-1893.jpg,security,"['The', 'young', 'girl', 'and', 'her', 'dog', 'create', 'a', 'pretty', ',', 'peaceful', 'domestic', 'scene', 'of', 'companionship', '.', 'The', 'nice', 'furniture', ',', 'art', 'on', 'the', 'wall', ',', 'and', 'her', 'fine', 'dress', 'indicate', 'an', 'easy', 'life', 'of', 'financial', 'security', 'and', 'beauty', '.']"
Naive_Art_Primitivism/marc-chagall/madame-moineau-the-sparrow-woman.jpg,security,"['Looks', 'like', 'someone', 'just', 'trying', 'to', 'get', 'home', ',', 'trying', 'to', 'find', 'that', 'nice', 'security', 'waiting', 'for', 'them', 'there']"
High_Renaissance/vittore-carpaccio/the-glory-of-st-vidal-1514.jpg,security,"['the', 'image', 'depicts', 'love', ',', 'union', 'and', 'security']"
Rococo/joshua-reynolds/thais-of-ahens-with-tourch.jpg,safety,"['The', 'woman', 'is', 'holding', 'a', 'torch', 'to', 'light', 'the', 'way', 'to', 'try', 'to', 'get', 'her', 'people', 'to', 'safety']"
High_Renaissance/titian/the-gipsy-madonna-1511.jpg,security,"['The', 'innocent', 'child', 'and', 'the', 'tight', 'grasp', 'of', 'the', 'mother', ',', 'represents', 'the', 'security', 'and', 'comfort', 'provided', 'by', 'a', 'matriarch']"
Naive_Art_Primitivism/fernand-leger/people-framework-manufacturers.jpg,safety,"['The', 'man', 'ha', 'no', 'safety', 'harness', '.']"
Romanticism/arthur-hughes/asleep-in-the-woods.jpg,safety,"['If', 'she', 'is', 'a', 'Scottish', 'country', 'girl', 'gathering', 'from', 'the', 'garden', 'or', 'forest', ',', 'she', 'likely', 'life', 'with', 'many', 'people', 'on', 'a', 'large', 'estate', '.', 'The', 'feudal', 'lifestyle', 'offerred', 'safety', 'and', 'abundance', 'for', 'the', 'clan', '.', 'She', 'look', 'to', 'be', 'resting', 'and', 'at', 'peace', '.']"
Art_Nouveau_Modern/anna-ostroumova-lebedeva/spring-motif-view-from-stone-island-to-krestovsky-and-yelagin-islands-1904.jpg,security,"['Security', '.', 'The', 'closed', 'off', 'nature', 'park', 'is', 'well', 'manicured', '.']"
Naive_Art_Primitivism/fernand-leger/manufacturers-1950.jpg,safety,"['These', 'men', 'hang', 'on', 'sky', 'scrapper', 'without', 'safety', 'harness', '.']"
Early_Renaissance/carlo-crivelli/madonna-of-the-passion.jpg,security,"['THIS', 'MOTHER', 'AND', 'CHILD', 'WORK', 'SPEAKS', 'OF', 'SECURITY']"
Contemporary_Realism/neil-welliver/islands-allagash.jpg,safety,"['I', 'love', 'the', 'heavy', 'shade', 'of', 'blue', 'becoming', 'lighter', 'a', 'it', 'nears', 'the', 'horizon', '.', 'Evergreens', 'are', 'my', 'favorite', 'tree', ',', 'and', 'the', 'moonlight', 'on', 'the', 'wave', 'is', 'very', 'calming', '.', 'The', 'Islands', 'are', 'deserted', '(', 'yay', ')', ',', 'and', 'are', 'within', 'sight', 'of', 'land', ',', 'so', 'I', 'have', 'the', 'feeling', 'of', 'safety', '.', 'The', 'sky', 'is', 'way', 'too', 'crowded', 'with', 'star', 'to', 'be', 'realistic', '.', 'This', 'picture', 'is', 'a', 'lovely', 'getaway', 'for', 'those', 'of', 'u', 'who', 'just', 'do', ""n't"", 'have', 'our', 'own', 'island', 'yet', '.']"
Post_Impressionism/ferdynand-ruszczyc/wiecz-r-wilejka-1900.jpg,safety,"['The', 'eerie', 'feeling', 'of', 'the', 'forast', 'make', 'this', 'uncomforable', 'with', 'the', 'man', 'stairing', 'at', 'it', 'from', 'the', 'safety', 'of', 'his', 'walled', 'off', 'area']"
Post_Impressionism/ferdynand-ruszczyc/pejzaz-pagorkowaty.jpg,safety,"['Picturesque', '.', 'A', 'place', 'where', 'you', 'can', 'raise', 'your', 'family', ',', 'a', 'place', 'of', 'safety', '.']"
Symbolism/james-tissot/crucifixion-seen-from-the-cross-1890.jpg,safety,"['The', 'guard', 'in', 'the', 'background', 'and', 'the', 'woman', 'kneeling', 'make', 'me', 'fearful', 'for', 'their', 'safety', '.']"
Naive_Art_Primitivism/marc-chagall/a-sky-1984.jpg,safety,"['i', 'feel', 'contentment', ',', 'safety', '.', 'Angels', 'are', 'supposed', 'to', 'protect', 'human', 'and', 'represent', 'good', 'in', 'the', 'world', '.', 'I', 'wa', 'raised', 'catholic', '.']"
Pop_Art/claes-oldenburg/cupid-s-span-collaboration-with-van-bruggen-2002.jpg,safety,"['This', 'art', 'instillation', 'evokes', 'a', 'sense', 'of', 'playfulness', '.', 'First', 'of', 'all', ',', 'the', 'bow', 'and', 'arrow', 'reminds', 'me', 'of', 'cupid', ""'s"", 'bow', 'and', 'arrow', ',', 'which', 'evokes', 'feeling', 'of', 'light', 'subject', 'matter', 'and', 'romance', '.', 'The', 'fact', 'that', 'the', 'arrow', 'is', 'pointed', 'into', 'the', 'ground', 'implies', 'that', 'this', 'arrow', 'will', 'not', 'hurt', 'anyone', ',', 'which', 'take', 'aways', 'any', 'safety', 'concern', 'that', 'a', 'depiction', 'of', 'a', 'weapon', 'would', 'normally', 'spur', '.', 'Moreover', ',', 'the', 'level', 'of', 'detail', 'on', 'the', 'arrow', ""'s"", 'fletching', 'is', 'very', 'intricate', '.', 'Overall', ',', 'this', 'picture', 'make', 'me', 'feel', 'happy', 'and', 'light', '(', 'and', 'to', 'a', 'lesser', 'extent', ',', 'awe', ')', '.']"
Realism/alfred-sisley/avenue-of-chestnut-trees-near-la-celle-saint-cloud-1867.jpg,safety,"['I', 'love', 'the', 'peacefulness', 'and', 'safety', 'of', 'the', 'huge', 'tree', '.']"
Symbolism/ferdynand-ruszczyc/nec-mergitur-1905.jpg,safety,"['The', 'angry', 'wave', 'make', 'me', 'fear', 'for', 'the', 'safety', 'of', 'this', 'boat']"
Mannerism_Late_Renaissance/gregorio-lopes/enterro-de-cristo-1539.jpg,safety,"['I', 'feel', 'sadness', 'because', 'this', 'person', 'is', 'in', 'obvious', 'distress', 'and', 'these', 'people', 'are', 'carrying', 'him', 'off', 'to', 'safety']"
Post_Impressionism/constantin-piliuta/wind-street.jpg,safety,"['The', 'very', 'clean', 'line', 'and', 'color', 'choice', 'give', 'a', 'sense', 'of', 'order', 'and', 'safety', '.']"
Romanticism/albert-bierstadt/campfire-yosemite-valley.jpg,safety,"['The', 'person', 'in', 'the', 'forest', 'make', 'campfire', 'for', 'his', 'safety']"
Cubism/amedee-ozenfant/adam-et-eve-1957.jpg,safety,"['There', ""'s"", 'comfort', 'and', 'safety', 'assumption', 'in', 'the', 'curve', 'of', 'the', 'body', 'with', 'the', 'coloring', 'of', 'them', 'against', 'the', 'greenery', '.']"
Ukiyo_e/katsushika-hokusai/fuji-from-the-platform-of-sasayedo.jpg,safety,"['I', 'always', 'enjoy', 'oriental', 'artwork', '(', 'nearly', 'always', ',', 'and', 'this', 'time', 'is', 'no', 'different', ')', '-', 'the', 'slightly', 'simplified', 'outline', 'yet', 'the', 'realistic', 'proportion', 'that', 'differentiate', 'it', 'from', 'cartoon', ',', 'those', 'are', 'very', 'appealing', 'factor', '.', 'This', 'piece', 'in', 'particular', 'struck', 'me', 'a', 'amusing', 'and', 'cheerful', 'because', 'it', 'show', 'a', 'family', 'which', 'may', 'have', 'been', 'century', 'ago', 'and', 'they', 'are', 'enjoying', 'themselves', 'in', 'a', 'similar', 'matter', 'to', 'people', 'today', '-', 'looking', 'off', 'in', 'the', 'distance', ',', 'admiring', 'a', 'mountain', ',', 'and', 'even', 'climbing', 'up', 'on', 'the', 'safety', 'railing', '!']"
Contemporary_Realism/jamie-wyeth/night-pigs-1979.jpg,safety,"['The', 'pig', 'in', 'their', 'pen', 'seem', 'sated', 'and', 'entirely', 'comfortable', 'and', 'companionable', '.', 'The', 'chicken', 'standing', 'by', 'seems', 'entirely', 'unconcerned', 'with', 'it', 'safety', '.']"
Post_Impressionism/anna-ostroumova-lebedeva/crimea-monastery-of-st-cosmas-and-st-damian-1924.jpg,security,"['The', 'buliding', 'nestled', 'in', 'the', 'surrounding', 'environment', 'give', 'a', 'sense', 'of', 'security', '.']"
Impressionism/basuki-abdullah/morning-sun.jpg,safety,"['The', 'tire', 'track', 'on', 'the', 'road', 'make', 'me', 'concerned', 'for', 'the', 'safety', 'of', 'these', 'animal', '.']"
Naive_Art_Primitivism/marc-chagall/having-learned-absalom-s-death-who-has-been-killed-by-joab-and-found-hanging-on-the-tree-in-the.jpg,safety,"['The', 'king', ',', 'full', 'of', 'regret', ',', 'seek', 'solace', 'in', 'a', 'field', ',', 'outside', 'the', 'safety', 'of', 'his', 'castle', '.']"
Minimalism/ruth-vollmer/sunflower-head-series-1973-1.jpg,safety,"['The', 'design', 'reminds', 'me', 'of', 'a', 'spider', 'web', 'or', 'a', 'tunnel', 'with', 'an', 'unknown', 'destination', ',', 'the', 'all', 'white', 'reminds', 'me', 'of', 'a', 'sterile', 'environment', ',', 'which', 'mean', 'there', 'are', 'germ', ',', 'all', 'evoking', 'a', 'fear', 'of', 'my', 'safety', '.']"
Post_Impressionism/grace-cossington-smith/black-mountain-1931.jpg,safety,"['Where', 'the', 'desert', 'meet', 'the', 'water', 'and', 'the', 'golden', 'sand', 'lead', 'me', 'into', 'the', 'safety', 'of', 'the', 'cave', '.']"
High_Renaissance/titian/coronation-of-the-virgin.jpg,safety,"['People', 'are', 'worshipping', 'Jesus', 'in', 'the', 'upper', 'image', ',', 'making', 'me', 'feel', 'contentment', 'and', 'safety', '.']"
Realism/camille-corot/pastorale-1873.jpg,safety,"['Early', 'evening', ',', 'huge', 'tree', 'offering', 'protection', 'to', 'tiny', 'cavorting', 'figure', ';', 'what', 'happiness', 'and', 'safety', '.']"
Minimalism/park-seo-bo/ecriture-1985.jpg,security,"['The', 'uniformity', 'of', 'the', 'squiggle', 'evokes', 'a', 'sense', 'of', 'security', '.']"
Realism/boris-kustodiev/portrait-of-the-artist-igor-grabar-1915.jpg,safety,"['His', 'head', 'look', 'a', 'little', 'bumpy', ',', 'but', 'the', 'brightness', 'of', 'the', 'image', 'give', 'a', 'sense', 'of', 'safety', '.']"
Impressionism/arkhip-kuindzhi/winter-spots-of-light-on-cottage-roof.jpg,safety,"['The', 'highlight', 'accentuate', 'the', 'snow', ',', 'making', 'it', 'that', 'much', 'brighter', 'and', 'colder', '.', 'The', 'snow', 'is', 'up', 'past', 'the', 'foundation', 'of', 'the', 'structure', ',', 'stealing', 'valuable', 'warmth', 'from', 'the', 'interior', '.', 'I', 'see', 'no', 'door', ',', 'window', ',', 'or', 'any', 'mean', 'of', 'escape', '.', 'The', 'landscape', 'is', 'buried', 'under', 'heavy', 'snowfall', '.', 'I', 'fear', 'for', 'the', 'inhabitant', 'and', 'their', 'comfort/safety', '.', 'I', 'see', 'no', 'smoke', 'from', 'the', 'chimney', 'in', 'the', 'center', ',', 'and', 'the', 'other', 'two', 'structure', 'to', 'the', 'left', 'have', 'none', '.', 'Could', 'the', 'chimney', 'be', 'impacted', '?', 'Was', 'the', 'damper', 'closed', ',', 'or', 'is', 'there', 'snow', 'coming', 'down', 'the', 'chimney', '?', 'All', 'roof', 'show', 'heavy', 'snow', 'and', 'it', 'is', 'uncertain', 'how', 'much', 'snow', 'they', 'can', 'support', 'before', 'the', 'beams/joists/trusses', 'collapse', '.', 'I', 'see', 'no', 'road', 'near', 'the', 'property', ',', 'and', 'can', 'only', 'hope', 'the', 'inhabitant', 'are', 'safe', 'and', 'warm', 'somewhere', 'else', '.']"
Art_Nouveau_Modern/edmund-dulac/daughters-of-the-stars-by-mary-crary.jpg,safety,"['The', 'woman', 'project', 'the', 'image', 'of', 'safety', 'and', 'comfort', ',', 'a', 'if', 'protecting', 'one', 'another', 'and', 'those', 'around', 'them']"
Expressionism/martiros-saryan/meadow-flowers-1918.jpg,security,"['The', 'large', 'number', 'of', 'flower', 'in', 'bright', 'color', 'give', 'this', 'still', 'life', 'a', 'sense', 'of', 'home', 'and', 'security', '.']"
Northern_Renaissance/lucas-cranach-the-elder/saint-christopher.jpg,safety,"['The', 'man', 'appears', 'to', 'be', 'carrying', 'a', 'baby', 'on', 'his', 'head', 'to', 'safety', ',', 'which', 'is', 'heartwarming', '.']"
Northern_Renaissance/hans-memling/st-ursula-shrine-virgin-and-child-1489.jpg,safety,"['Dutiful', 'nun', 'are', 'watching', 'over', 'the', 'child', 'to', 'ensure', 'his', 'safety']"
Northern_Renaissance/albrecht-durer/the-circumcision-of-christ-1505.jpg,saftey,"['the', 'people', 'look', 'sad', 'and', 'sick', 'they', 'seem', 'to', 'be', 'gathered', 'looking', 'for', 'help', 'and', 'saftey']"
Impressionism/claude-monet/zaan-at-zaandam-1.jpg,security,"['The', 'environment', 'look', 'peaceful', ',', 'and', 'the', 'reflection', 'in', 'the', 'water', 'seems', 'balanced', ',', 'creating', 'a', 'feeling', 'of', 'security', 'and', 'placidity', '.']"
Realism/ivan-shishkin/the-edge-of-a-pine-forest.jpg,safety,"['A', 'worn', 'path', 'cut', 'through', 'the', 'forest', 'giving', 'a', 'sense', 'of', 'direction', 'and', 'safety', '.']"
Northern_Renaissance/albrecht-durer/hohenasperg-siege-by-georg-von-frundsberg-in-war-of-swabian-federal-versus-herzog-ulrich.jpg,security,"['There', 'is', 'false', 'security', 'for', 'the', 'castle', 'on', 'the', 'hill', ',', 'the', 'delicate', 'line', 'and', 'empty', 'space', 'belie', 'what', 'is', 'to', 'come', '.']"
Northern_Renaissance/dirk-bouts/the-right-wing-of-the-pearl-of-brabant-saint-christopher.jpg,safety,"['i', 'see', 'a', 'father', 'carrying', 'his', 'ailing', 'son', 'to', 'a', 'place', 'of', 'safety']"
Romanticism/john-william-waterhouse/portrait-of-mrs-charles-schreiber-1912.jpg,security,"['The', 'tranquility', 'and', 'beauty', 'of', 'this', 'woman', 'who', 'is', 'in', 'a', 'position', 'if', 'power', 'is', 'a', 'look', 'of', 'security', 'and', 'contentment', '.']"
Northern_Renaissance/albrecht-durer/studies-on-a-great-picture-of-mary-angel-playing.jpg,safety,"['It', 'look', 'like', 'angel', 'playing', 'in', 'a', 'playground', '.', 'I', 'get', 'a', 'sense', 'of', 'ease', 'and', 'of', 'safety', ',', 'because', 'angel', 'represent', 'safety', 'in', 'my', 'eye', '.']"
Post_Impressionism/paul-gauguin/the-spirit-of-the-dead-watches-1892.jpg,safety,"['The', 'naked', 'woman', 'laying', 'on', 'her', 'stomach', 'on', 'her', 'bed', 'look', 'unaware', 'of', 'the', 'black', 'hooded', 'figure', 'behind', 'her', ',', 'and', 'I', 'fear', 'for', 'her', 'safety', '.']"
Realism/james-mcneill-whistler/the-coast-of-brittany-aka-alone-with-the-tide.jpg,safety,"['The', 'woman', 'is', 'sleeping', 'by', 'the', 'ocean', ',', 'indicating', 'a', 'feel', 'of', 'safety', 'and', 'warmth', '.', 'The', 'blue', 'of', 'the', 'ocean', 'and', 'the', 'light', 'and', 'dark', 'brown', 'create', 'a', 'cozy', 'and', 'calm', 'atmosphere', '.']"
Northern_Renaissance/albrecht-durer/madonna-crowned-by-an-angel-1520.jpg,safety,"['The', 'flying', 'angel', 'over', 'the', 'mother', 'and', 'child', 'represents', 'safety', 'and', 'well-being', '.']"
Northern_Renaissance/hieronymus-bosch/the-temptation-of-st-anthony-1516.jpg,safety,"['after', 'a', 'major', 'battle', 'he', 'carry', 'his', 'fallen', 'comrade', 'to', 'safety']"
Realism/ivan-vladimirov/the-shooting-in-presnya-in-december-1905.jpg,safety,"['It', 'look', 'like', 'some', 'men', 'are', 'surrendering', 'and', 'I', 'fear', 'for', 'their', 'safety', '.']"
Art_Nouveau_Modern/wilhelm-kotarbinski/near-the-prison.jpg,safety,"['These', 'woman', 'look', 'like', 'they', ""'re"", 'desperate', 'to', 'get', 'help', ',', 'since', 'they', ""'re"", 'reaching', 'for', 'a', 'helping', 'hand', 'to', 'get', 'to', 'safety']"
Expressionism/martiros-saryan/gathering-peaches-in-the-collective-farm-in-armenia-1938.jpg,security,"['While', 'people', 'seem', 'to', 'be', 'working', 'hard', ',', 'the', 'abundance', 'of', 'fruit', 'creates', 'a', 'sense', 'of', 'contentment', 'and', 'security', '.']"
Realism/james-mcneill-whistler/black-and-red-1884.jpg,safety,"['She', 'appears', 'to', 'be', 'alone', 'in', 'a', 'dark', 'forest', 'away', 'from', 'safety', '.']"
Expressionism/milton-avery/blue-bay-and-dunes-1961.jpg,safety,"['This', 'painting', 'make', 'me', 'feel', 'nervous', 'because', 'it', 'is', 'a', 'bit', 'blurry', 'and', 'it', 'reminds', 'me', 'of', 'being', 'at', 'a', 'beach', ',', 'but', 'drifting', 'further', 'away', 'from', 'the', 'safety', 'of', 'the', 'shore', 'in', 'a', 'choppy', 'ocean', '.']"
Post_Impressionism/pyotr-konchalovsky/veliky-novgorod-1926-1.jpg,safety,"['I', 'feel', 'a', 'sense', 'of', 'safety', 'when', 'looking', 'at', 'this', 'building', '.', 'This', 'is', 'my', 'sanctuary', 'that', 'I', 'can', 'escape', 'to', '.']"
Realism/ivan-shishkin/forest-1876.jpg,safety,"['The', 'wood', 'look', 'eerie', 'and', 'unsettling', '.', 'I', 'worry', 'for', 'the', 'man', ""'"", 'safety', 'walking', 'into', 'that', '.']"
Impressionism/edgar-degas/dancers-4.jpg,safety,"['The', 'diagonal', 'brush', 'stroke', 'suggest', 'a', 'theme', 'of', 'violence', ',', 'that', 'the', 'girl', 'featured', 'are', 'facing', 'an', 'imminent', 'threat', 'to', 'their', 'safety', '.']"
Romanticism/sir-lawrence-alma-tadema/the-death-of-hippolytus-1860.jpg,safety,"['The', 'expression', 'on', 'the', 'person', ""'s"", 'face', 'is', 'that', 'of', 'fear', 'and', 'worry', '.', 'The', 'tenseness', 'of', 'his', 'finger', 'while', 'he', 'grasp', 'at', 'the', 'ground', 'is', 'also', 'a', 'sign', 'of', 'his', 'terror', '.', 'The', 'dust', 'swirling', 'up', 'around', 'the', 'cart', 'indicates', 'movement', 'of', 'the', 'cart', ',', 'which', 'mean', 'he', 'is', 'being', 'dragged', '.', 'He', 'is', 'caught', 'in', 'the', 'rein', 'and', 'at', 'the', 'mercy', 'of', 'his', 'horse', '.', 'He', 'appears', 'to', 'be', 'in', 'pain', ',', 'and', 'I', 'am', 'worried', 'about', 'his', 'safety..']"
Realism/theodore-rousseau/landscape-in-the-auvergne-1830-2.jpg,safety,"['Looks', 'like', 'some', 'rough', 'terrain', 'to', 'go', 'through', ',', 'the', 'whole', 'thing', 'look', 'like', 'a', 'safety', 'hazard']"
Northern_Renaissance/hieronymus-bosch/the-garden-of-earthly-delights-1515.jpg,safety,"['It', 'look', 'like', 'a', 'building', 'is', 'on', 'fire', 'and', 'peopl', ';', 'e', 'are', 'fleeing', 'the', 'scene', 'to', 'make', 'it', 'to', 'safety']"
Realism/vasily-surikov/empress-anna-ioannovna-in-peterhof-temple-shoots-deer-1900.jpg,safety,"['The', 'woman', 'seems', 'quite', 'funny', 'a', 'she', 'hunt', 'from', 'the', 'safety', 'of', 'her', 'own', 'house', '.']"
Romanticism/theodore-gericault/horse-attacked-by-a-lion.jpg,safety,"['Very', 'few', 'piece', 'get', 'me', 'feeling', 'strongly', ',', 'but', 'this', 'white', 'horse', 'is', 'getting', 'brutally', 'clawed', 'out', 'by', 'a', 'beast', '.', 'Fear', 'for', 'the', 'life', 'of', 'the', 'horse', 'and', 'it', 'safety', 'from', 'the', 'blood', 'to', 'the', 'dark', 'forest', 'color', 'is', 'what', ""'s"", 'conveyed', 'here', '.']"
Realism/john-everett-millais/the-piper.jpg,safety,"['the', 'three', 'girl', 'look', 'scared', 'holding', 'on', 'to', 'each', 'other', 'for', 'safety', ',', 'the', 'soldier', 'is', 'playing', 'them', 'a', 'song', 'to', 'calm', 'them', 'down']"
Impressionism/robert-julian-onderdonk/buffalo-hunt.jpg,safety,"['The', 'two', 'huge', 'bull', 'fighting', 'make', 'me', 'afraid', 'for', 'their', 'safety', '.']"
Impressionism/pierre-auguste-renoir/sailboats-at-argenteuil.jpg,safety,"['The', 'rocky', 'mountain', 'stir', 'up', 'feeling', 'of', 'solitude', 'and', 'safety', '.']"
Realism/william-adolphe-bouguereau/psyche-and-amour-1889.jpg,security,"['The', 'union', 'between', 'this', 'naked', 'couple', 'symbolizes', 'happiness', 'and', 'security', '.']"
Romanticism/viktor-vasnetsov/princess-eudoxia-1893.jpg,safety,"['The', 'princess', 'ha', 'regal', 'carriage', 'and', 'bearing', 'and', 'a', 'serious', 'expression', 'that', 'command', 'respect', '.', 'Holding', 'her', 'rosary', ',', 'a', 'tapestry', 'of', 'Jesus', 'above', 'her', ',', 'and', 'what', 'appears', 'to', 'be', 'a', 'cloister', 'screen', 'behind', 'her', ',', 'I', 'wonder', 'if', 'she', 'ha', 'gone', 'to', 'a', 'convent', 'for', 'safety', '.', 'She', 'life', 'in', 'troubled', 'time', 'and', 'no', 'doubt', 'ha', 'had', 'a', 'difficult', 'and', 'dangerous', 'life', 'despite', 'her', 'privilege', ',', 'so', 'I', 'admire', 'that', '.', 'She', 'look', 'somber', 'and', 'dignified', 'beneath', 'her', 'golden', 'crown', 'and', 'jeweled', 'mantle', '.']"
Impressionism/paul-gauguin/landscape-near-osny.jpg,security,"['This', 'scene', 'look', 'like', 'a', 'backyard', 'in', 'small', 'village', ',', 'and', 'it', 'conveys', 'a', 'sense', 'of', 'peace', 'and', 'security', '.']"
Impressionism/willard-metcalf/the-breath-of-autumn-waterford-connecticut.jpg,safety,"['Minus', 'the', 'brightness', 'I', 'love', 'the', 'openness', 'of', 'the', 'image', '.', 'The', 'home', 'in', 'the', 'back', 'give', 'a', 'sense', 'of', 'safety', '.']"
Realism/vasily-perov/on-the-railroad-1868.jpg,safety,"['a', 'friendly', 'checkpoint', 'to', 'make', 'you', 'feel', 'assured', 'of', 'your', 'safety']"
Impressionism/nicolae-vermont/the-emigrants.jpg,security,"['The', 'embrace', 'and', 'comfort', 'of', 'the', 'mother', 'invokes', 'a', 'sense', 'of', 'security', 'and', 'warmth', '.']"
Realism/theodore-rousseau/rocky-valley.jpg,security,"['the', 'more', 'darkly', 'penciled', 'structure', '&', 'tree', 'in', 'lower', 'center', 'give', 'that', 'building', 'a', 'feeling', 'of', 'security', 'nestled', 'in', 'the', 'simple', 'sketching', 'of', 'mountain', ',', 'terrain', 'and', 'other', 'distant', 'home']"
Realism/mihaly-munkacsy/line-of-trees-1886.jpg,safety,"['I', 'can', 'see', 'the', 'branch', 'of', 'the', 'tree', ',', 'their', 'thick', 'trunk', 'providing', 'a', 'sense', 'of', 'stability', '.', 'The', 'light', 'across', 'the', 'floor', 'provides', 'a', 'sense', 'of', 'warmth', 'and', 'safety', '.']"
Post_Impressionism/vincent-van-gogh/the-park-at-arles-with-the-entrance-seen-through-the-trees-1888.jpg,safety,"['A', 'darker', 'path', 'still', 'ha', 'a', 'light', 'at', 'the', 'end', 'to', 'bring', 'you', 'out', 'of', 'the', 'wood', 'and', 'into', 'safety', '.']"
Romanticism/william-turner/norham-castle-on-the-river-tweed.jpg,security,"['Seeing', 'the', 'castle', 'or', 'fort', 'up', 'on', 'the', 'hill', 'offer', 'a', 'sense', 'of', 'security', 'and', 'comfort', '.']"
Realism/jean-francois-millet/autumn-landscape-with-a-flock-of-turkeys.jpg,safety,"['The', 'dark', 'cloud', 'in', 'the', 'sky', 'give', 'an', 'ominious', 'feeling', 'a', 'it', 'is', 'getting', 'ready', 'for', 'a', 'viscious', 'storm', '.', 'It', 'make', 'me', 'afraid', 'that', 'the', 'animal', 'and', 'man', 'in', 'the', 'picture', 'are', 'not', 'going', 'to', 'get', 'to', 'safety', 'in', 'time', 'before', 'the', 'storm', 'begin']"
Romanticism/vasily-polenov/the-arrest-of-a-huguenot-1875.jpg,safety,"['Dark', 'alley', 'type', 'piece', 'where', 'it', 'seems', 'like', 'the', 'men', 'walking', 'out', 'the', 'door', 'are', 'prisoner', '.', 'Armed', 'soldier', 'that', 'are', ""n't"", 'any', 'bit', 'friendly', 'ha', 'the', 'viewer', 'surely', 'in', 'fear', 'for', 'their', 'safety', '.']"
Post_Impressionism/vladimir-dimitrov/unknown-title-2.jpg,security,"['this', 'make', 'me', 'think', 'of', 'the', 'warmth', 'and', 'security', 'from', 'the', 'mother']"
Realism/maxime-lalanne/eaux-bonnes.jpg,security,"['The', 'mountain', 'provide', 'security', 'and', 'protection', 'to', 'the', 'small', 'town', 'nestled', 'beside', 'them']"
Impressionism/pierre-auguste-renoir/the-coast-of-brittany-fishing-boats.jpg,safety,"['the', 'deep', 'blue', 'water', 'make', 'it', 'look', 'like', 'weather', 'will', 'be', 'stormy', ',', 'so', 'I', 'am', 'concerned', 'for', 'safety', 'of', 'the', 'many', 'boat', 'on', 'the', 'water', '.']"
Romanticism/sir-lawrence-alma-tadema/in-my-studio-1893.jpg,security,"['The', 'delicate', 'flower', 'seem', 'to', 'bring', 'a', 'large', 'sense', 'of', 'security', 'to', 'the', 'entire', 'room', '.']"
Romanticism/viktor-vasnetsov/the-virgin-and-child.jpg,safety,"['look', 'like', 'a', 'very', 'protective', 'mother', 'ensuring', 'her', 'child', 'safety']"
Realism/theodore-rousseau/meadows-crossed-by-a-river-1851.jpg,safety,"['I', 'feel', 'frightened', 'for', 'my', 'safety', 'when', 'I', 'see', 'the', 'man', 'by', 'the', 'water', ',', 'wearing', 'a', 'mask', 'covering', 'his', 'face', ',', 'although', 'he', 'is', 'alone', ',', 'like', 'he', 'is', 'waiting', 'for', 'a', 'victim', 'to', 'come', 'along', 'and', 'ha', 'his', 'face', 'covered', 'in', 'preparation', 'for', 'his', 'expecting', 'victim', '.']"
Realism/jean-francois-millet/oedipus-taken-down-from-the-tree-1847.jpg,safety,"['The', 'baby', 'held', 'upside', 'down', 'make', 'me', 'feel', 'fearful', 'for', 'his', 'or', 'her', 'safety', ',', 'and', 'it', ""'s"", 'almost', 'a', 'if', 'the', 'baby', ""'s"", 'limb', 'are', 'contorted', 'in', 'the', 'struggle', '.']"
Realism/vasily-polenov/the-river-oka-1918.jpg,safety,"['The', 'water', 'is', 'a', 'cool', 'blue', 'that', 'inspires', 'safety', 'and', 'the', 'river', 'run', 'far', 'into', 'the', 'dry', 'hill', '.']"
Impressionism/mary-cassatt/mother-and-child-2.jpg,security,"['I', 'feel', 'a', 'sense', 'of', 'love', 'and', 'security', 'that', 'can', 'only', 'be', 'provided', 'by', 'a', 'mother', ""'s"", 'embrace', '.']"
Post_Impressionism/vincent-van-gogh/la-crau-with-peach-trees-in-bloom-1888.jpg,security,"['The', 'fence', 'around', 'the', 'town', 'provides', 'a', 'layer', 'of', 'security', 'and', 'protection']"
Realism/vasily-vereshchagin/picket-in-the-balkan-mountains.jpg,safety,"['Even', 'in', 'the', 'midst', 'of', 'wintry', 'condition', ',', 'safety', 'is', 'of', 'utmost', 'concern', 'for', 'these', 'armed', 'men', '.']"
Realism/viktor-vasnetsov/sedge-1880.jpg,safety,"['The', 'long', 'green', 'reed', 'speak', 'of', 'the', 'meeting', 'of', 'danger', 'and', 'safety', '.']"
Realism/vincent-van-gogh/sien-with-child-on-her-lap-1882.jpg,safety,"['Safety', 'is', 'being', 'tucked', 'under', 'the', 'protective', 'arm', 'of', 'a', 'mother', '.']"
Realism/vladimir-makovsky/market-in-poltava.jpg,safety,"['There', 'is', 'a', 'group', 'of', 'immigrant', 'deciding', 'where', 'to', 'move', 'to', 'seek', 'safety', 'in', 'a', 'hot', 'humid', 'terrain', '.', 'There', 'is', 'sadness', 'indecision', 'in', 'their', 'face', '.']"
Realism/martiros-saryan/spring-in-my-garden-1945.jpg,safety,"['the', 'tree', 'are', 'like', 'a', 'safety', 'perimeter', 'around', 'the', 'house']"
Realism/mikhail-lebedev/at-the-forrest-edge-1833.jpg,safety,"['This', 'painting', 'of', 'shrub', 'in', 'bower', 'created', 'by', 'a', 'fallen', 'log', 'illustrates', 'there', 'are', 'pocket', 'of', 'cover', 'to', 'provide', 'a', 'measure', 'of', 'safety', 'for', 'little', 'creature', 'in', 'the', 'wild', '.']"
Romanticism/theodore-chasseriau/alexis-de-tocqueville-1850.jpg,security,"['their', 'body', 'language', 'show', 'their', 'security', 'of', 'good', 'news']"
Realism/theodore-rousseau/a-hilly-landscape-in-auvergne-1831.jpg,security,"['The', 'house', 'is', 'nestled', 'among', 'the', 'hill', 'on', 'green', ',', 'fertile', 'looking', 'soil', ',', 'creating', 'a', 'sense', 'of', 'comfort', 'and', 'security', '.']"
Impressionism/mary-cassatt/the-horse-chestnut-1896.jpg,security,"['The', 'way', 'the', 'woman', 'hold', 'the', 'baby', 'give', 'a', 'feeling', 'of', 'security', 'and', 'love', '.']"
Post_Impressionism/vincent-van-gogh/at-the-foot-of-the-mountains-1889(1).jpg,safety,"['the', 'walled', 'city', 'in', 'contrast', 'with', 'the', 'vast', 'area', 'of', 'grass', 'give', 'a', 'comfortable', 'feeling', 'of', 'order', 'and', 'safety']"
Realism/john-singer-sargent/sheepfold-in-the-tirol-1915.jpg,safety,"['This', 'is', 'both', 'majestic', 'and', 'serene', '.', 'The', 'herd', 'of', 'innocent', 'sheep', 'going', 'out', ',', 'and', 'the', 'tall', 'mountain', 'behind', 'them', 'for', 'safety', '.', 'With', 'the', 'green', 'pasture', 'for', 'grazing', 'for', 'fun', 'and', 'food', '.']"
Impressionism/mary-cassatt/little-ann-sucking-her-finger-embraced-by-her-mother-1897.jpg,security,"['Her', 'hand', 'wrapped', 'around', 'the', 'baby', 'give', 'off', 'a', 'sense', 'of', 'security']"
Impressionism/konstantin-korovin/landscape-with-cottages-1894.jpg,safety,"['This', 'is', 'so', 'dark', ',', 'the', 'cabin', 'is', 'so', 'close', 'to', 'the', 'dark', 'water', 'and', 'there', 'are', ""n't"", 'enough', 'safety', 'rail', '.', 'This', 'is', 'very', 'scary', '.']"
Impressionism/konstantin-korovin/paris-boulevard-1902.jpg,safety,"['The', 'white', 'cloud', 'are', 'ready', 'to', 'pour', 'their', 'wrath', 'on', 'the', 'crowd', 'below', 'scurrying', 'to', 'safety', '.']"
Expressionism/rafael-zabaleta/girl-sitting-and-boy-with-hat-standing-1943.jpg,security,"['The', 'painting', 'of', 'young', 'child', 'reminds', 'me', 'of', 'the', 'comfort', 'and', 'security', 'of', 'home', 'and', 'childhood', '.']"
Impressionism/joaquã­n-sorolla/the-waves-at-san-sebastian-1915.jpg,safety,"['The', 'big', 'wave', 'make', 'me', 'afraid', 'and', 'anxious', '.', 'I', 'fear', 'for', 'the', 'safety', 'of', 'the', 'people', 'on', 'the', 'sailboat', '.']"
Impressionism/konstantin-korovin/paris-kafe-1.jpg,safety,"['The', 'restaurant', 'is', 'a', 'block', 'away', 'but', 'these', 'are', 'the', 'new', 'rule', 'for', 'safety', 'and', 'service', '.']"
Impressionism/john-singer-sargent/cottage-at-fairford-gloucestershire-1892.jpg,safety,"['the', 'horseman', 'block', 'the', 'door', 'of', 'my', 'home', 'and', 'prevents', 'me', 'from', 'seeking', 'safety', 'from', 'him']"
Impressionism/konstantin-korovin/morning-1914.jpg,security,"['security', '-', 'the', 'tent', 'represents', 'shelter', 'and', 'tranquility', 'away', 'from', 'the', 'world', 'to', 'me']"
Impressionism/john-singer-sargent/santa-maria-del-carmelo-and-scuola-grande-dei-carmini-1910.jpg,security,"['A', 'beutiful', 'impessionistic', 'painting', 'of', 'very', 'old', 'stone', 'building', 'that', 'us', 'creamy', 'white', 'and', 'tan', 'to', 'create', 'a', 'feeling', 'of', 'warmth', 'and', 'security', '.']"
Impressionism/federico-zandomeneghi/portrait-of-a-young-beauty.jpg,security,"['The', 'girl', 'is', 'holding', 'her', 'hair', 'around', 'her', 'neck', 'like', 'a', 'security', 'blanket', 'and', 'her', 'face', 'look', 'flushed', 'and', 'sad']"
