pic_ID,symbol_word,symbol_coordinates,other_words
10/173529.png,excitement,"[181.0, 9.0, 491.0, 291.0, 'Excitement/Peppiness']","['Childhood/Nursery Rhymes', 'Excitement/Peppiness', 'Fun/Excitement', 'distraction']"
10/171452.png,flavors,"[81.0, 154.0, 417.0, 459.0, 'rainbow of flavors']","['colorful candy', 'rainbow of flavors', 'candy/rainbow', 'Sweet']"
10/172164.png,excitement,"[203.0, 280.0, 349.0, 407.0, 'excitement']","['Fun/Toy', 'heart / life', 'game/toy', 'excitement', 'cardio/health']"
6/32466.jpg,excitement,"[198.0, 67.0, 302.0, 126.0, 'Wonder/Excitement']","['launched/distance/amazing', 'Convience/worldly', 'blast off', 'flying saucer', 'Wonder/Excitement']"
10/173054.png,excitement,"[19.0, 298.0, 224.0, 491.0, 'Excitement/Interest']","['flavor/variety', 'Fresh/Natural Ingredients', 'Excitement/Interest']"
5/129555.jpg,excitement,"[27.0, 40.0, 464.0, 432.0, 'Excitement/Entertainment']","['music/superstar', 'T', 'sound', 'entertainment ', 'Excitement/Entertainment']"
0/123780.jpg,excitement,"[177.0, 11.0, 343.0, 153.0, 'shock/excitement']","['doll', 'sexual prowess', 'party/good time', 'theatrical', 'shock/excitement']"
10/177459.png,excitement,"[123.0, 41.0, 395.0, 245.0, 'excitement/energy']","['Energy', 'energy/power/extreme', 'energy', 'excitement/energy', 'Power']"
0/72260.jpg,excitement,"[254.0, 101.0, 491.0, 232.0, 'Excitement ']","['Excitement ', 'steady nerves', 'protection', 'Action', 'military']"
10/171712.png,excitement,"[226.0, 55.0, 422.0, 335.0, 'excitement']","['Amazement', 'indulgence', 'excitement', 'surprised']"
2/117512.jpg,excitement,"[28.0, 27.0, 226.0, 426.0, 'fan excitement']","['traditional/classic/known', 'Baseball/Washington/President/Past', 'fan excitement', 'history/timelessness', 'Sports/baseball']"
10/171289.png,excitement,"[197.0, 313.0, 17.0, 160.0, 'excitement']","[""Can't Wait / Fast"", 'excitement', 'She likes him for bringing the pizza.', 'hunger']"
10/177598.png,excitement,"[418.0, 308.0, 80.0, 92.0, 'Excitement']","['Leisure', 'candy', 'Break', 'irresistible', 'Excitement']"
10/172052.png,excitement,"[50.0, 0.0, 441.0, 274.0, 'explosion/excitement']","['Explosion/Fire', 'explosion/excitement', 'flavorful/mind-blowing', 'refreshing']"
10/176276.png,excitement,"[121.0, 12.0, 446.0, 331.0, 'excitement/adventure']","['Ramp', 'fun', 'Wave', 'nature', 'excitement/adventure']"
0/155500.jpg,excitement,"[21.0, 20.0, 460.0, 456.0, 'Excitement/Entertainment']","['fun ', 'enjoy', 'Art', 'Excitement/Entertainment', 'vacation']"
9/29659.jpg,excitement,"[9.0, 11.0, 472.0, 371.0, 'Excitement/Colorfulness']","['letter/nails', 'Literally, the TV show Glee', 'Excitement/Colorfulness', 'culture', 'colorful']"
2/95222.jpg,excitement,"[190.0, 79.0, 292.0, 370.0, 'exclamation point/excitement']","['health', 'Fries', 'Delicious / Exciting', 'exclamation point/excitement', 'Excitement']"
3/107803.jpg,excitement,"[207.0, 61.0, 259.0, 173.0, 'Fun/Excitement']","['Fun/Excitement', 'mess', 'Mess', 'MESS', 'apocolypse']"
4/36514.jpg,excitement,"[74.0, 95.0, 479.0, 291.0, 'Milk/excitement']","['Milk/excitement', 'Health/Flair', 'flair/milk', 'beauty', 'fashion']"
10/175613.png,excitement,"[108.0, 2.0, 470.0, 419.0, 'Heat/Excitement']","['Explosion/Spicy', 'Heat/Excitement', 'messy', 'celebration/party', 'spicy food']"
0/137140.jpg,excitement,"[305.0, 22.0, 500.0, 238.0, 'energy/excitement/refreshing']","['real', 'energy/excitement/refreshing', 'jumping', 'Reality', 'Clarity of picture/Magical/Ethereal']"
0/98710.jpg,excitement,"[93.0, 144.0, 404.0, 278.0, 'Excitement/Anticipation']","['sound', 'impact', 'filth', 'charity/tennis/', 'Excitement/Anticipation']"
10/171164.png,excitement,"[293.0, 407.0, 0.0, 51.0, 'excitement']","['Blast/Explosion', 'Flavor Explosion', 'lots of flavor', 'excitement']"
9/10119.jpg,excitement,"[241.0, 23.0, 10.0, 395.0, 'excitement/danger']","['excitement/danger', 'danger', 'ALCOHOL', 'Sex/Party', 'sexy/popular']"
2/132942.jpg,excitement,"[18.0, 37.0, 327.0, 450.0, 'energy/balance/excitement']","['Sport/Ice Skating', 'shampoo', 'magical', 'energy/balance/excitement', 'clean/smooth']"
10/174555.png,excitement,"[147.0, 60.0, 321.0, 278.0, 'Fun/Excitement/Music']","['Fun/Excitement/Music', 'Entertainment/Fun', 'Music', 'party/celebration', 'music']"
10/170905.png,excitement,"[239.0, 41.0, 480.0, 473.0, 'gifts/excitement']","['nostalgia', 'christmas', 'Holiday', 'gifts/excitement']"
10/174503.png,excitement,"[55.0, 10.0, 274.0, 311.0, 'Excitement/Energy']","['adventure', 'Excitement/Energy', 'extreme/adventure', 'Adventure/Danger', 'extreme/adventure']"
10/170877.png,excitement,"[171.0, 171.0, 451.0, 327.0, 'Excitement']","['REFRESHING', 'Drink', 'energy', 'Excitement']"
0/78270.jpg,excitement,"[12.0, 3.0, 495.0, 380.0, 'Excitement/Flavorful']","['tasty', 'Excitement/Flavorful', 'Warmth / Excitement', 'Joy/Happy', 'alertness/boldness']"
3/36863.jpg,excitement,"[303.0, 208.0, 85.0, 90.0, 'Car/Excitement']","['confidence', 'Driving', 'Car/Excitement', 'defiance', 'Motion']"
5/101005.jpg,excitement,"[267.0, 30.0, 352.0, 179.0, 'Energy/Excitement']","['Hapiness ', 'mt. dew fuels life', 'Energy/Excitement', 'excitement', 'young/fun']"
1/103891.jpg,excitement,"[410.0, 61.0, 60.0, 434.0, 'fun/chocolate/excitement']","['Chocolatey/Extreme', 'chocalate milk', 'fun/chocolate/excitement', 'chocolate milk is cool like riding waves', 'Surfing/Fun']"
10/173450.png,excitement,"[18.0, 165.0, 349.0, 469.0, 'excitement/awesome']","['Celebrate/Score', 'excitement/awesome', 'Celebration/Excitement']"
7/57257.jpg,excitement,"[133.0, 260.0, 379.0, 420.0, 'fireworks/excitement']","[""'athletic/excellence'"", 'fast/speed/quick/power', 'fast/furious', 'power/speed', 'fireworks/excitement']"
10/170352.png,excitement,"[6.0, 46.0, 492.0, 203.0, 'excitement']","['excitement', 'Choice, personality', 'fun']"
10/173409.png,excitement,"[175.0, 35.0, 467.0, 265.0, 'excitement']","['Desire/Childhood', 'excitement', 'hungry/excited']"
10/170764.png,flavors,"[95.0, 25.0, 423.0, 387.0, 'unexpected flavors']","['Flavor', 'Flavor examples', 'unexpected flavors', 'ice cream cone', 'Interesting Flavors']"
10/170571.png,excitement,"[345.0, 160.0, 456.0, 312.0, 'fun excitement']","['Explosive', 'Flavor Explosion', 'power', 'fun excitement', 'THIRST']"
10/172780.png,excitement,"[8.0, 135.0, 248.0, 241.0, 'Excitement/Interest']",['Excitement/Interest']
1/138131.jpg,excitement,"[7.0, 207.0, 263.0, 379.0, 'Excitement/Energy']","['coca cola', 'Excitement/Energy', 'Multiplication', 'smooth/journey/cosmic', 'bubbles/wonderment/magic']"
10/172555.png,excitement,"[7.0, 417.0, 122.0, 490.0, 'Interest/Excitement']","['Roomy/Sapcious', 'Interest/Excitement']"
10/173683.png,excitement,"[112.0, 11.0, 485.0, 384.0, 'excitement']","['Coolness/fun', 'Musical/Rock N Roll', 'music/rock n roll', 'excitement', 'Music/Excitement/Coolness']"
2/29642.jpg,excitement,"[4.0, 20.0, 175.0, 391.0, 'excitement']","['Crime', 'football', 'Reaction/Filter', 'Team Spirit', 'excitement']"
10/175305.png,excitement,"[194.0, 80.0, 489.0, 320.0, 'Active/Excitement']","['Active/Excitement', 'hardwork', 'no symbol detected', 'Coolness/Adventure', 'extreme/adventure']"
10/174570.png,excitement,"[96.0, 237.0, 394.0, 324.0, 'Fun/Excitement/Stretch']","['Fun/Excitement/Stretch', 'Fun/Excitement', 'flavors/mixture/candy', 'epic/cinematic ', 'rainbow explosion']"
2/72912.jpg,excitement,"[2.0, 5.0, 409.0, 335.0, 'Excitement/Fandom']","['Fun / Teamwork', 'fun/entertaining', 'Excitement/Fandom', 'National Colors', 'team/ happy']"
10/173908.png,excitement,"[268.0, 55.0, 379.0, 280.0, 'Party/Excitement/Spicy']","['dancing, happiness', 'delicious/exciting', 'wild nature', 'Party/Excitement/Spicy']"
10/173847.png,excitement,"[36.0, 101.0, 499.0, 497.0, 'Thirst/Excitement']","['refreshment/movement/energy/health', 'hydration/refreshing', 'Freshness', 'Thirst/Excitement', 'healthy/hydrating']"
10/172017.png,excitement,"[65.0, 60.0, 442.0, 440.0, 'Thirst/Excitement']","['Refreshing', 'lemonlime', 'sprites', 'Silliness/Interest', 'Thirst/Excitement']"
10/170161.png,flavors,"[189.0, 65.0, 500.0, 359.0, 'Eight Flavors']","['Eight Flavors', 'a treat', 'CHOICE']"
1/75461.jpg,excitement,"[136.0, 38.0, 363.0, 350.0, 'Excitement']","['Excitement', 'excitement', 'introducing', 'EXCLAMATION/EXCITEMENT', 'exclamation/surprise']"
10/176714.png,excitement,"[475.0, 443.0, 211.0, 6.0, 'adventure/excitement']","['surfing', 'Thirsty / refreshing', 'Active', 'energy', 'adventure/excitement']"
10/175493.png,excitement,"[0.0, 54.0, 261.0, 490.0, 'Excitement/Active']","['Excitement/Active', 'Adventure/Excitement', 'Athleticism/energy/extreme sports', 'excitement/action', 'Dated/Parental']"
6/158886.jpg,excitement,"[495.0, 2.0, 7.0, 500.0, 'excitement/party ']","['Drinking', 'Blurry/inebriated', 'Lack of inhibitions/fluency', 'party', 'excitement/party ']"
10/172900.png,excitement,"[7.0, 119.0, 493.0, 215.0, 'Excitement/Presenting']","['2 is better than one', 'exciting/2-for-1', 'Excitement/Presenting']"
10/170148.png,flavors,"[8.0, 19.0, 253.0, 254.0, '31 Flavors']","['number one', '31 Flavors', 'treats']"
2/13492.jpg,flavors,"[122.0, 90.0, 376.0, 193.0, 'summer flavors']","['refreshing', 'fashionable', 'youth', 'summer', 'summer flavors']"
0/40000.jpg,excitement,"[20.0, 227.0, 377.0, 441.0, 'excitement']","['excitement', 'article', 'award', 'ad', 'Importance/Awareness']"
10/172400.png,excitement,"[82.0, 65.0, 396.0, 295.0, 'Excitement/Sport']","['Cool/Bold', 'Exciting Ride', 'exciting/explosive', 'Excitement/Sport', 'energy/rush']"
4/145564.jpg,excitement,"[327.0, 186.0, 406.0, 252.0, 'excitement ']","['Space', 'excitement ', 'pathways', 'all plants follow', 'Boldness/Speed']"
1/121101.jpg,excitement,"[208.0, 204.0, 433.0, 419.0, 'Adictiveness/excitement']","['addiction', 'drug/drugs/addiction', 'cocaine', 'Addiction', 'Adictiveness/excitement']"
5/13345.jpg,excitement,"[97.0, 114.0, 208.0, 244.0, 'Excitement']","['Excitement', 'fast/fun/excitement', 'speed', 'humor', 'Fun/Driving']"
10/170831.png,excitement,"[3.0, 16.0, 493.0, 322.0, 'excitement']","['NOSTALGIA/RETRO', 'Genie bottle', 'excitement', 'Life']"
0/127370.jpg,excitement,"[92.0, 64.0, 423.0, 300.0, 'Safety/Excitement']","['Technology', 'Risk', 'Safety/Excitement', 'Gamble/ Player Controller/ ', 'gambling']"
10/172185.png,excitement,"[206.0, 34.0, 489.0, 98.0, 'Excitement']","['Excitement', 'sale']"
10/173977.png,excitement,"[327.0, 25.0, 471.0, 394.0, 'Excitement/Dynamic']","['Easy/Travel', 'love', 'Excitement/Dynamic', 'Tasty']"
1/121411.jpg,excitement,"[240.0, 57.0, 392.0, 276.0, 'excitement/fun/happiness']","['shoes/ winner/ celebrate', 'excitement/fun/happiness', 'victory', 'Winning/Celebrating', 'Fun/excitement']"
10/176169.png,excitement,"[453.0, 23.0, 82.0, 384.0, 'excitement']","['Resistance/capacity/Quality/Sturdy', 'Adventure', 'Fun/exhilaration', 'truck performance', 'excitement']"
10/173568.png,excitement,"[243.0, 101.0, 485.0, 281.0, 'Excitement/Score']","['Excitement/Score', 'sports/soccer', 'Activity', 'Achievment']"
10/175822.png,excitement,"[16.0, 54.0, 340.0, 445.0, 'Fun/Excitement']","['Youth/Family', 'Fun/Excitement', 'youth/innocence ', 'no symbolism detected', 'youth']"
10/174528.png,excitement,"[118.0, 241.0, 200.0, 329.0, 'mystery/excitement/power']","['Travel', 'mystery/excitement/power', 'Adventure/Speed', 'luxury', 'Adventure']"
4/36654.jpg,excitement,"[29.0, 7.0, 479.0, 275.0, 'Excitement']","['Excitement', 'Energy/Movement', 'water/clean', 'happy', 'art']"
10/173328.png,excitement,"[318.0, 195.0, 461.0, 353.0, 'Excitement']","['Cost/Currency', 'savings / deal', 'Excitement']"
10/172946.png,excitement,"[64.0, 50.0, 255.0, 348.0, 'excitement']","['excitement', 'Student/Smart', 'elevation', 'fun/happiness/frolicking']"
10/173006.png,excitement,"[267.0, 276.0, 98.0, 138.0, 'Excitement ']","['Adventure/Danger', 'extreme sports / fun', 'snowboarding/outdoors/adventure', 'Excitement ', 'Extreme/Sport']"
0/7320.jpg,excitement,"[147.0, 90.0, 360.0, 310.0, 'Excitement/Reading']","['Baseball/Entertainment ', 'Art', 'Excitement/Reading', 'Sports', 'books']"
7/101207.jpg,excitement,"[398.0, 100.0, 127.0, 289.0, 'Speed/excitement']","['Speed/excitement', 'fun/excitement', 'refreshing', 'Energy', 'delicious/ fast']"
7/157077.jpg,excitement,"[62.0, 20.0, 474.0, 448.0, 'sex appeal/glamour/excitement']","['DANCING/SEXY', 'sex appeal/glamour/excitement', 'designer', 'fashion', 'vagina']"
0/66520.jpg,excitement,"[31.0, 99.0, 468.0, 493.0, 'Excitement/Fun']","['theft/deal', 'Health ', 'Excitement/Fun', 'coverage', 'Humor']"
1/3751.jpg,excitement,"[38.0, 496.0, 209.0, 383.0, 'Danger/sex/excitement']","['Danger/sex/excitement', 'sexy/dirty/thrill', 'Sadness', 'harmful', 'strength/diva/control/sexy']"
5/139405.jpg,excitement,"[170.0, 227.0, 308.0, 328.0, 'fan / excitement']","['fan / excitement', 'capability', 'Robotic/Futuristic', 'Storage space', 'ironic']"
10/175609.png,excitement,"[83.0, 68.0, 460.0, 442.0, 'Excitement/Joy']","['Excitement/Joy', 'Excitement/Temptation', 'messy', 'celebration', 'chocolate fusion']"
8/56888.jpg,excitement,"[75.0, 60.0, 399.0, 459.0, 'excitement in the morning']","['Eating', 'Morning', 'wake up/dream', 'excitement in the morning', 'variety/ chaos']"
10/172326.png,excitement,"[77.0, 73.0, 228.0, 173.0, 'Excitement/Freshness']","['Splash/Fun', 'Excitement/Freshness', 'filling/value']"
10/173692.png,excitement,"[366.0, 127.0, 492.0, 351.0, 'Excitement/Style']","['Stylish/Fashion', 'Graffiti/Urban', 'art', 'Excitement/Style', 'exciting/fun']"
8/55568.jpg,excitement,"[327.0, 74.0, 459.0, 368.0, 'excitement']","['adventure', 'excitement', 'adrenaline', 'Danger/excitement', 'danger/stupidity']"
10/174619.png,excitement,"[64.0, 35.0, 194.0, 277.0, 'Excitement/Energy']","['Excitement/Energy', 'Energy/Coolness', 'celebration/party', 'Realease/Play', 'cool/refreshing']"
3/67293.jpg,flavors,"[220.0, 229.0, 497.0, 385.0, 'Flavors']","['art', 'art/creativity', 'different', 'Flavors', 'variety']"
10/174670.png,excitement,"[24.0, 15.0, 478.0, 484.0, 'excitement']","['ugly', 'Nerd/Undesirable', 'excitement', 'Questioning/Thirst', 'Change']"
6/112646.jpg,excitement,"[122.0, 79.0, 376.0, 312.0, 'Adventure/Excitement']","['Camera/Photography', 'up close/camera zoom', 'Adventure/Excitement', 'immersive', 'Nature/Experience']"
8/133718.jpg,excitement,"[33.0, 92.0, 415.0, 355.0, 'excitement/adventure']","['Opportunity/great', 'exciting future', 'Adventure', 'excitement/adventure', 'fast']"
8/70588.jpg,excitement,"[51.0, 65.0, 301.0, 330.0, 'excitement']","['Shopping', 'ups & downs', 'roller coast/loop/adventure', 'excitement', 'Adventure']"
0/72640.jpg,excitement,"[5.0, 27.0, 469.0, 394.0, 'Variety/Excitement']","['Variety/Excitement', 'Car', 'precision', 'sedan', 'Desirable ']"
1/38371.jpg,excitement,"[192.0, 44.0, 242.0, 170.0, 'Speed/excitement']","['bike riding/downhill/steep/scary', 'downhill/biking', 'Speed/excitement', 'Biking/Ease', 'biking']"
10/170531.png,excitement,"[170.0, 154.0, 407.0, 365.0, 'fun excitement']","['Party', 'Fun/Friends', 'ground breaking ', 'Party', 'fun excitement']"
0/105890.jpg,excitement,"[3.0, 35.0, 497.0, 460.0, 'Excitement/Edgy']","['sports', 'adventure', 'fun', 'Excitement/Edgy', 'fun']"
10/172413.png,excitement,"[0.0, 45.0, 265.0, 281.0, 'excitement']","['Young/Childhood', 'excitement', 'Family/Happiness']"
1/66331.jpg,excitement,"[476.0, 108.0, 246.0, 344.0, 'challenge/excitement']","['Daring', 'Health/Emergency', 'Covered/Go', 'challenge/excitement', 'Adventure/Boldness']"
8/13378.jpg,excitement,"[265.0, 74.0, 154.0, 172.0, 'control / excitement']","['Peaceful/Freedom', 'fun', 'Cruise', 'control / excitement', 'Performance/Luxury']"
10/175766.png,excitement,"[123.0, 88.0, 474.0, 200.0, 'adventure/excitement/action']","['Adventure/Space', 'Adventure/Fantasy', 'adventure/excitement/action', 'adventure/otherworldly ', 'space adventure']"
10/174718.png,excitement,"[99.0, 100.0, 411.0, 449.0, 'Excitement/Freshness']","['Crisp', 'crisp/fragile', 'Excitement/Freshness', 'crisp/fresh', 'crispy/tasty']"
10/173855.png,excitement,"[2.0, 21.0, 499.0, 431.0, 'Excitement/Fun']","['Sour/Natural', 'flavorful', 'party/fiesta', 'Excitement/Fun']"
5/163015.jpg,excitement,"[42.0, 45.0, 447.0, 394.0, 'excitement']","['insane/crazy/frustrated ', 'displeasure', 'pain', 'excitement', 'screaming']"
10/170502.png,flavors,"[433.0, 294.0, 61.0, 27.0, 'decadent flavors']","['arrangement', 'decadent flavors', 'balance', 'ARTISTIC', 'balance']"
7/54287.jpg,excitement,"[14.0, 151.0, 432.0, 408.0, 'excitement']","['excitement', 'many/spontaneous/fun', 'orange', 'fun', 'fun/entertainment']"
10/175482.png,excitement,"[234.0, 47.0, 451.0, 252.0, 'fun/excitement']","['Surprise/Magic', 'suprise', 'Surprise/Celebration', 'fun/mystery', 'fun/excitement']"
0/155290.jpg,excitement,"[33.0, 0.0, 465.0, 458.0, 'Vacation/Excitement']","['fun', 'freedom/liberty', 'Whimsical/Fun/Compact', 'Vacation/Excitement', 'travel']"
10/175596.png,excitement,"[25.0, 4.0, 447.0, 420.0, 'refreshing/excitement ']","['Purity/Lively', 'Refreshing/Quenching', 'refreshing/excitement ', 'refreshment/purity', 'hydrate']"
7/132117.jpg,excitement,"[173.0, 116.0, 296.0, 237.0, 'excitement']","['Adventure/Danger', 'firearms', 'Gun', 'excitement', 'explosive']"
4/82734.jpg,excitement,"[73.0, 162.0, 409.0, 357.0, 'danger/living life on the edge/excitement']","['Dark/cut/break', 'Dark/death/macabre', 'death', 'Safety', 'danger/living life on the edge/excitement']"
10/172463.png,excitement,"[43.0, 42.0, 301.0, 325.0, 'Excitement/Romance']","['Love', 'Excitement/Romance', 'fun']"
0/135650.jpg,excitement,"[0.0, 30.0, 242.0, 477.0, 'excitement']","['excitement', 'SEXY/HOT', 'Protection', 'Adventure/Sex', 'Sex']"
10/173175.png,excitement,"[7.0, 314.0, 492.0, 496.0, 'excitement']","['Fun/Party', 'Party', 'crowd', 'excitement']"
10/174929.png,excitement,"[6.0, 224.0, 320.0, 368.0, 'Heartbeat/Excitement']","['Power/Energy', 'Energy/Fitness', 'strength/energy', 'speed/electricity ', 'Heartbeat/Excitement']"
10/174722.png,excitement,"[70.0, 70.0, 381.0, 331.0, 'Gaming/Excitement']","['Computer game/Screensaver', 'starwars', 'Gaming/Excitement', 'entertainment', 'player/game/excitement']"
0/10340.jpg,excitement,"[478.0, 493.0, 164.0, 81.0, 'Adventure/excitement']","['Fun', 'Adventure/excitement', 'Fun', 'social belonging', 'travel/fun/adventure']"
10/173149.png,excitement,"[106.0, 4.0, 500.0, 463.0, 'Fun/Excitement']","['Different/Unique', 'different/unique/special/unjudged', 'Friendship/Quirkiness', 'Fun/Excitement']"
10/176183.png,flavors,"[52.0, 49.0, 462.0, 405.0, 'Cookie/Two Flavors/tasteful']","['Cookie/Two Flavors/tasteful', 'Tornado', 'Tornado/twister', 'tornado', 'taste/fun']"
1/101271.jpg,excitement,"[27.0, 28.0, 195.0, 477.0, 'shout/exclaiming/excitement']","['Old Fashioned', 'Cheery', 'Drink/Fun', 'shout/exclaiming/excitement', 'taste']"
8/10068.jpg,excitement,"[86.0, 15.0, 432.0, 424.0, 'party/excitement']","['Envy', 'Humor / Sex', 'culture', 'Bottle of drink', 'party/excitement']"
8/125408.jpg,excitement,"[40.0, 92.0, 375.0, 446.0, 'Fun/excitement']","['vacation/relaxation', 'Vacation / Freedom', 'Fun/excitement', 'wet/adventurous', 'fun/vacation/relaxation']"
3/101143.jpg,excitement,"[24.0, 224.0, 161.0, 415.0, 'fun/excitement ']","['fear/community/unrest', 'victory', 'fun/excitement ', 'Activity', 'danger']"
1/80841.jpg,excitement,"[75.0, 53.0, 424.0, 382.0, 'Excitement']","['driving', 'petite', 'Excitement', 'eager/confused', 'Driving']"
10/173171.png,excitement,"[2.0, 88.0, 248.0, 367.0, 'Excitement/Fun']","['Excitement/Fun', 'Extreme/Huge', 'danger', 'surfing/waves/ocean/danger', 'daring/daredevil']"
0/133310.jpg,excitement,"[268.0, 192.0, 469.0, 474.0, 'excitement ']","['adventure', 'Safe', 'excitement ', 'comparison', 'free/ adventure/ sport']"
10/170883.png,excitement,"[191.0, 6.0, 500.0, 156.0, 'fun excitement']","['Fun', 'fun excitement', 'reliability/safety/fun', 'improved suspention']"
10/170903.png,excitement,"[0.0, 50.0, 500.0, 205.0, 'excitement']","['music', 'fun ', 'excitement']"
2/47422.jpg,excitement,"[10.0, 162.0, 356.0, 484.0, 'Excitement/activity']","['Excitement/activity', 'Driving/Technology', 'Switch', 'Speed/luxury', 'driving']"
4/146614.jpg,excitement,"[12.0, 0.0, 451.0, 473.0, 'excitement/visibility']","['new/innovative', 'skills promotion', 'excitement/visibility', 'action', 'excitement/important']"
10/174558.png,excitement,"[8.0, 26.0, 480.0, 463.0, 'Fun/Excitement']","['Energy/Joy/Stretch', 'Fun/Excitement', 'excitement/color/flavors', 'epic/cinematic ', 'rainbow']"
4/51434.jpg,excitement,"[7.0, 105.0, 485.0, 411.0, 'Juiciness/Excitement']","['Juiciness/Excitement', 'juice', 'Flavorful', 'music/mc hammer', 'colourful']"
2/115992.jpg,excitement,"[263.0, 192.0, 397.0, 377.0, 'happiness/excitement']","['happiness/excitement', 'health', 'spoiling/indulgence', 'Food', 'present']"
9/77749.jpg,excitement,"[66.0, 34.0, 367.0, 434.0, 'Flexibility/Excitement']","['Flexibility/Excitement', 'sex/fun', 'sexual', 'cheeky/playful', 'Fun/Sex/Freedom']"
0/102880.jpg,excitement,"[157.0, 188.0, 356.0, 296.0, 'excitement/fun']","['nature', 'excitement/fun', 'Flying', 'Adventure/Excitement', 'Adventure']"
2/133402.jpg,excitement,"[175.0, 39.0, 408.0, 193.0, 'danger/excitement']","['Sport/Skiing', 'vacation', 'daring', 'danger/excitement', 'sporting/adventure']"
0/100920.jpg,excitement,"[57.0, 56.0, 476.0, 431.0, 'Energy/Excitement']","['refreshment', 'Mountain Dew', 'Energy', 'Energy/Excitement', 'Hydration']"
10/174029.png,excitement,"[3.0, 106.0, 451.0, 428.0, 'Excitement/Nature']","['Nature/Evolution', 'monster', 'water', 'Excitement/Nature', 'viral/evolution']"
1/47591.jpg,excitement,"[90.0, 61.0, 489.0, 316.0, 'Excitement/Bubbly']","['love', 'Excitement/Bubbly', 'sex/joy/pleasure', 'attraction/desire', 'love']"
0/101030.jpg,excitement,"[4.0, 40.0, 487.0, 437.0, 'Energy/Excitement']","['energy/explosions', 'Shatter', 'Powerful', 'Energy/Excitement', 'explosion']"
10/172705.png,excitement,"[103.0, 60.0, 388.0, 322.0, 'Adventure/Excitement']","['Doing Parkour', 'Adventure/Excitement', 'Everyday worker/common man', 'adventure/on top', 'Adventure/Sport']"
4/133654.jpg,excitement,"[104.0, 21.0, 407.0, 423.0, 'Excitement/Fear']","['Excitement/Fear', 'Cartoon/water sports', 'fun/excitement/zany', 'iphone app', 'jet ski']"
3/58873.jpg,flavors,"[112.0, 30.0, 402.0, 426.0, 'flavors']","['Stripes/Colors', 'exciting/colourful', 'adult fun', 'sexual', 'flavors']"
10/171663.png,excitement,"[58.0, 185.0, 396.0, 384.0, 'excitement']","['angry birds colored cotton candy', 'excitement', 'fun', 'BLUE YOGURT']"
10/171776.png,excitement,"[355.0, 368.0, 140.0, 278.0, 'Adventure, excitement']","['Adventure, excitement', 'Child Like', '3 musketeers', 'fun']"
2/87622.jpg,excitement,"[410.0, 90.0, 162.0, 387.0, 'Adventure / Excitement']","['Survival', 'Adventure / Excitement', 'danger', 'Power', 'power']"
10/172168.png,excitement,"[24.0, 1.0, 439.0, 387.0, 'heart/excitement']","['power', 'care / perfection / power', 'heart of steel', 'heart/excitement', 'cars']"
0/79460.jpg,excitement,"[31.0, 27.0, 480.0, 245.0, 'Excitement/Adventure']","['Fun/Outdoors ', 'Entertainment/ Rides', 'Veiled serial reference', 'Excitement/Adventure', 'Entertainment']"
0/101150.jpg,excitement,"[60.0, 10.0, 379.0, 311.0, 'Adventure/Excitement']","['adventure', 'Adventure', 'Confidence', 'Adventure/Excitement', 'extreme sports']"
0/9950.jpg,excitement,"[6.0, 426.0, 486.0, 137.0, 'music/excitement']","['Summer ', 'sensations', 'vibes', 'Partying/Entertainment', 'music/excitement']"
10/172415.png,excitement,"[170.0, 28.0, 296.0, 287.0, 'Youth/Excitement/Imagination']","['Childhood/Untame', 'childhood/innocence', 'childhood/mess', 'Youth/Excitement/Imagination', 'Fun/Play']"
10/173773.png,excitement,"[16.0, 150.0, 139.0, 259.0, 'Excitement/Interest']","['Double Pizza/More', 'Excitement/Interest', 'Hunger', 'flavorful/satisfying/value']"
10/172282.png,excitement,"[69.0, 82.0, 166.0, 230.0, 'Excitement/Activity/Transmission']","['Excitment', 'Excitement/Activity/Transmission']"
10/172014.png,excitement,"[16.0, 110.0, 477.0, 393.0, 'Excitement/Fun']","['Fun/Surprises', 'fun/exciting', 'magic', 'Quirky/Fun', 'Excitement/Fun']"
0/109170.jpg,excitement,"[195.0, 55.0, 492.0, 497.0, 'Excitement/Fun']","['innocence', 'Excitement/Fun', 'nature/fun', 'outdoor spontaneity', 'Cold/Play']"
10/171720.png,excitement,"[144.0, 376.0, 498.0, 500.0, 'danger/excitement']","['Cutting edge', 'Nissan accelleration info on knife, also looks like a finger in the frankfurter bag.', 'manly car', 'danger/excitement']"
10/174567.png,excitement,"[32.0, 230.0, 480.0, 309.0, 'Fun/Excitement']","['Fun/Excitement', 'Fun/Excitement', 'flavors/candy', 'epic/diversity', 'rainbow explosion']"
10/173140.png,excitement,"[41.0, 9.0, 485.0, 442.0, 'Fun/Excitement']","['Happy/Fun', 'fun / entertainment', 'Vacation/History', 'Chic/Elegant/High-end', 'Fun/Excitement']"
10/172779.png,excitement,"[137.0, 112.0, 227.0, 213.0, 'spicyness/excitement']","['spicyness/excitement', 'hot/spicy', 'Hot/Spicy']"
7/121057.jpg,excitement,"[32.0, 6.0, 485.0, 456.0, 'Excitement']","['activity/energy', 'fun', 'movement/athletic/fun', 'Excitement', 'Dynamic/Energetic']"
2/125652.jpg,excitement,"[185.0, 195.0, 360.0, 454.0, 'Adventure/Excitement']","['Outdoors/ WInter', 'vacation/resort/sport', 'Playground/Childish joy/Nostalgia', 'empty', 'Adventure/Excitement']"
5/139345.jpg,flavors,"[66.0, 60.0, 407.0, 466.0, 'Flavors']","['sadness / fruits', 'combination', 'Citrus/Unhappy', 'Flavors', 'mixed']"
6/40726.jpg,excitement,"[254.0, 414.0, 484.0, 124.0, 'excitement/thrill']","['excitement/thrill', 'high/ fly/ adventure/ daring', 'Taking risks ', 'adventure/excitement', 'Adventure']"
0/43070.jpg,excitement,"[54.0, 139.0, 439.0, 442.0, 'Excitement/Belonging']","['summer/ fun', 'adventure/freedom', 'cool', 'Excitement/Belonging', 'Enjoyment/Having fun']"
10/174084.png,excitement,"[452.0, 0.0, 134.0, 365.0, 'Excitement/Active/Rugged']","['Excitement/Active/Rugged', 'Power/Speed', 'refreshing/adventure', 'Fun/Adventure', 'Activity/Sport']"
7/95777.jpg,excitement,"[146.0, 119.0, 476.0, 399.0, 'Fun / Excitement ']","['Fun / Excitement ', 'fast car/speed/fire/power', 'explosive/powerful', 'new/ exciting/ racing', 'ZOOM-ZOOM']"
0/76260.jpg,excitement,"[51.0, 96.0, 466.0, 316.0, 'Family/Excitement']","['imagination', 'Family', 'family', 'family', 'Family/Excitement']"
6/149326.jpg,excitement,"[20.200000762939453, 222.7197265625, 241.79998779296875, 385.1201171875, 'Excitement']","['Surprise', 'Beverage', 'Fun/Friends', 'Excitement', 'stories/experience ']"
10/175211.png,excitement,"[18.0, 161.0, 490.0, 417.0, 'Excitement/sports']","['Get-together/Mess', 'Family/Nervousness', 'Excitement/sports', 'clutter/crowd/family', 'messy']"
10/177131.png,excitement,"[0.0, 7.0, 218.0, 232.0, 'excitement']","['World Trade Center', 'excitement', 'Speed', 'Flight', 'action']"
0/130270.jpg,excitement,"[5.0, 102.0, 497.0, 482.0, 'Excitement/Fun']","['Excitement/Fun', 'Beauty', 'carefree', 'girls/natural', 'Natural women']"
10/171367.png,excitement,"[152.0, 11.0, 487.0, 108.0, 'Excitement']","['taste', 'family', 'Excitement', 'Ice Cream']"
7/81927.jpg,excitement,"[9.0, 8.0, 472.0, 350.0, 'excitement']","['Cake', 'excitement', 'excitement', 'Excitement ', 'happy']"
10/172934.png,excitement,"[14.0, 27.0, 470.0, 478.0, 'fun / excitement']","['Cool', 'Wind, Chilly', 'fun / excitement']"
10/174035.png,excitement,"[56.0, 116.0, 452.0, 366.0, 'Entertainment/Excitement']","['Desirability', 'relaxation', 'ease', 'Entertainment/Excitement', 'admiration']"
0/97630.jpg,excitement,"[39.0, 5.0, 460.0, 425.0, 'Excitement/Fun']","['exuberance', 'energy', 'Pokemon', 'Excitement/Fun', 'power']"
3/99103.jpg,excitement,"[3.0, 219.0, 457.0, 469.0, 'Adventure/Excitement']","['adventure', 'Adventure/Excitement', 'Excitement.', 'excitement', 'happy/adventurous']"
4/13014.jpg,flavors,"[144.0, 151.0, 383.0, 415.0, 'fresh flavors']","['made from fruit', 'Fruity Alcohol', 'Pear flavor', 'vodka', 'fresh flavors']"
10/170005.png,flavors,"[128.0, 310.0, 369.0, 491.0, 'The four new flavors']","['The four new flavors', 'winning', 'sports', 'Chips', 'cup']"
10/173030.png,excitement,"[257.0, 107.0, 500.0, 352.0, 'fun/excitement']","['Skiing/Adventure', 'Snowboarding, Adventure', 'fun/excitement', 'excitement/thrilling', 'Adventure']"
5/85805.jpg,excitement,"[69.0, 184.0, 289.0, 387.0, 'adventure/excitement']","['Fear', 'free/adventure', 'adventure/ skydiving', 'extreme adventure', 'adventure/excitement']"
10/173288.png,excitement,"[32.0, 61.0, 471.0, 441.0, 'explosion/excitement']","['explosion/excitement', 'Energy/Splash', 'intense', 'Excitement']"
0/19340.jpg,flavors,"[47.0, 234.0, 466.0, 462.0, 'Tropical/Flavors']","['nature', 'nature', 'Tropical/Flavors', 'Nature', 'Nature/Purity']"
1/148601.jpg,excitement,"[149.0, 167.0, 341.0, 371.0, 'Clarity/Excitement']","['Clarity/Excitement', 'disturbing bullshit', 'Microphone/ so real/ You are singing', 'entertainment', 'Intensity']"
1/123821.jpg,excitement,"[194.0, 39.0, 456.0, 261.0, 'Excitement/Energy']","['celebration', 'Excitement/Energy', 'burst/energy/speed', 'Boost/Refresh', 'energy']"
10/173899.png,excitement,"[283.0, 129.0, 407.0, 264.0, 'Activity/Excitement']","['athletic achievement', 'Athletic/Sports', 'Activity/Excitement', 'energy/exciting']"
9/44489.jpg,excitement,"[83.0, 121.0, 194.0, 241.0, 'racing/excitement']","['racing/excitement', 'Vintage', 'motorcycle', 'mechanical', 'Change/Improvement']"
10/171260.png,excitement,"[137.0, 62.0, 393.0, 440.0, 'excitement change']","['excitement change', 'CELEBRITIES', 'Double human']"
9/158749.jpg,excitement,"[8.0, 48.0, 185.0, 412.0, 'experience/new/excitement']","['snakes', 'candy', 'experience/new/excitement', 'pattern', 'art/ alcohol']"
10/174743.png,excitement,"[171.0, 176.0, 348.0, 317.0, 'Adventure/Excitement']","['Power', 'power', 'Adventure/Excitement', 'Power/Energy/Freedom', 'joy/exuberance ']"
10/176791.png,excitement,"[8.0, 1.0, 287.0, 448.0, 'Excitement/Danger']","['daring', 'Excitement/Danger', 'adventure', 'adventure', 'No Boundries']"
2/1202.jpg,excitement,"[28.0, 27.0, 472.0, 414.0, 'excitement/thrills']","['Whimsical/Fun and Exciting', 'Tripping', 'Winter', 'adventure', 'excitement/thrills']"
7/106537.jpg,excitement,"[346.0, 300.0, 10.0, 11.0, 'fun/excitement']","['fun/excitement', 'Spacious', 'roomy', 'Available space/Compact design', 'Fun/Joy/Spacious']"
10/172352.png,excitement,"[2.0, 259.0, 491.0, 393.0, 'Excitement/Responsibility']","['Family sporty/Best of everything', 'Excitement/Responsibility', 'Home']"
0/108580.jpg,excitement,"[32.0, 34.0, 476.0, 334.0, 'Playfulness/Excitement']","['play', 'Playfulness/Excitement', 'play', 'visualize', 'Bold']"
4/95944.jpg,excitement,"[33.0, 9.0, 466.0, 360.0, 'Excitement/scary/a rush']","['fast car', 'performance/speed', 'Excitement/scary/a rush', 'exciting/terror', 'speed']"
1/7521.jpg,excitement,"[233.0, 110.0, 376.0, 379.0, 'Excitement ']","['attention', 'distraction', 'cliffhanger/odds', 'Excitement ', 'suspense']"
2/43412.jpg,excitement,"[3.0, 2.0, 495.0, 490.0, 'Otherworldly/Excitement']","['dessert', 'Otherworldly/Excitement', 'Dynamic/special', 'Star', 'stars']"
1/58781.jpg,excitement,"[97.0, 157.0, 367.0, 364.0, 'Flavor/excitement']","['bomb', 'Fruity', 'fruit explosion', 'Explosion', 'Flavor/excitement']"
7/81767.jpg,excitement,"[201.0, 122.0, 370.0, 331.0, 'excitement/happiness']","['excitement/happiness', 'excited', 'happy/laughing', 'exciting/happy', 'model']"
0/19120.jpg,excitement,"[137.0, 102.0, 367.0, 298.0, 'Excitement/Hunger']","['hilarity/fun', 'demanding', 'KFCBucket/Advertisement', 'Hunger', 'Excitement/Hunger']"
0/115420.jpg,excitement,"[72.0, 57.0, 344.0, 387.0, 'Excitement']","['High Energy', 'Excitement', 'refreshment', 'change', 'Up the river with out a paddle']"
4/46724.jpg,excitement,"[59.0, 28.0, 296.0, 197.0, 'Jungle/Beng wild/Being fashion forward/Excitement']","['classy', 'fashion', 'Jungle/Beng wild/Being fashion forward/Excitement', 'fashion', 'nature/wild']"
0/81780.jpg,excitement,"[64.0, 259.0, 447.0, 402.0, 'Travel/Excitement']","['travel/options/longevity ', 'Adventure/ Fun', 'Travel/Excitement', 'Exploration', 'destination']"
10/174569.png,excitement,"[116.0, 237.0, 390.0, 304.0, 'Fun/Excitement']","['Fun/Excitement', 'Fun/Excitement', 'flavors/candy/variety', 'epic/cinematic ', 'rainbow explosion']"
4/115854.jpg,excitement,"[366.0, 38.0, 109.0, 180.0, 'excitement/happiness']","['American Icon Beer Drinkers', 'excitement/happiness', 'fun/good times', 'pop cultural', 'desire']"
5/136295.jpg,excitement,"[7.0, 27.0, 485.0, 396.0, 'Gaming/Excitement']","['Bright', 'Happy/Content', 'Planning / Excellence', 'bright/happy', 'Gaming/Excitement']"
10/175216.png,excitement,"[263.0, 102.0, 367.0, 244.0, 'Excitement/Disposable income']","['save/benefits', 'Excitement/Disposable income', 'fun/excitement', 'Adventure/Excitement', 'adventure']"
10/173185.png,excitement,"[261.0, 7.0, 482.0, 209.0, 'party/excitement']","['Madness/Crazy', 'Alternative/Party/Fun', 'different/individual/youthful', 'party/excitement', 'Quirkiness/Beauty']"
1/158871.jpg,excitement,"[125.0, 82.0, 253.0, 290.0, 'Excitement']","['Uplifting', 'Uplift/gaiety', 'Excitement', 'lift/high class', 'uplifting']"
10/173000.png,excitement,"[15.0, 192.0, 203.0, 432.0, 'Risk/Excitement']","['Dangerous/Wild Side', 'fearlessness', 'risk taking', 'Risk/Excitement', 'Danger']"
10/173534.png,excitement,"[322.0, 126.0, 404.0, 321.0, 'Excitement/Happiness']","['Celebrate/Fun', 'exciting', 'party/gift', 'Excitement/Happiness']"
10/175794.png,excitement,"[22.0, 40.0, 494.0, 418.0, 'Excitement/Speed']","['Literacy', 'Energy/Movement', 'mnysterious/rebellious/anti-authority', 'Excitement/Speed', 'outrage/exuberance ']"
0/106570.jpg,excitement,"[1.0, 9.0, 497.0, 431.0, 'Excitement/Flexibility']","['space', 'danger', 'preparedness', 'Excitement/Flexibility', 'life']"
10/175273.png,excitement,"[159.0, 10.0, 497.0, 214.0, 'fun/excitement']","['Fun/Wonder', 'Dreaming/Whimsy', 'whimsy', 'no symbolism detected', 'fun/excitement']"
6/55806.jpg,excitement,"[1.0, 2.0, 179.0, 492.0, 'excitement']","['excitement', 'fulfilment/happiness ', 'happiness', 'shine', 'Colloquial phrase']"
1/97431.jpg,excitement,"[134.0, 27.0, 324.0, 273.0, 'Lightness/Excitement']","['Lightness/Excitement', 'healthy', 'lightness', 'Milk/delicious taste', 'light']"
10/173820.png,excitement,"[12.0, 182.0, 484.0, 447.0, 'excitement/awesome']","['NASCAR/racing', 'excitement/awesome', 'racing', 'Celebration']"
4/82884.jpg,excitement,"[147.0, 156.0, 481.0, 331.0, 'Excitement']","['Phases/group', 'Party/rock/music', 'entertainment', 'Excitement', 'fun/party/excitement/music']"
10/174172.png,excitement,"[433.0, 6.0, 140.0, 376.0, 'Excitement/Rugged']","['Excitement/Rugged', 'Adventure/Danger', 'rugged/adventure', 'power/excitement', 'Fun/Daring']"
10/173849.png,excitement,"[57.0, 92.0, 454.0, 425.0, 'Fun/Excitement']","['swimming/exercise/action', 'refreshing/hydrated', 'Purity', 'Fun/Excitement', 'healthy/hydrating']"
4/26934.jpg,excitement,"[15.0, 32.0, 476.0, 450.0, 'fun/excitement/creative']","['fun/excitement/creative', 'Fun', 'Abstract art', 'Thirst', 'thirsty']"
2/19732.jpg,excitement,"[471.0, 278.0, 19.0, 91.0, 'excitement']","['Humor', 'excitement', 'Swirling Thoughts', 'natural honey', 'pun/natural/bees']"
3/13563.jpg,excitement,"[249.0, 110.0, 438.0, 258.0, 'Vigor/Excitement']","['Change', 'Jealousy/Spite', 'Vigor/Excitement', 'messy', 'jealous/envy']"
0/133360.jpg,excitement,"[73.0, 99.0, 381.0, 346.0, 'excitement/ adventure ']","['adventure', 'Trustworthy', 'excitement/ adventure ', 'fun', 'free/ extreme']"
10/173083.png,excitement,"[48.0, 1.0, 254.0, 229.0, 'Excitement/Battle']","['Play/Hand Combat', 'war', 'gun/war', 'Excitement/Battle', 'Realistic Games/Play/Envolved']"
0/21260.jpg,flavors,"[21.0, 158.0, 483.0, 412.0, 'Nine flavors of beverage ']","['variety', 'Fun/Action', 'Variety/Exploration', 'Choice', 'Nine flavors of beverage ']"
10/172778.png,excitement,"[100.0, 111.0, 381.0, 314.0, 'imagination/excitement']","['imagination/excitement', 'helmet/protection', 'helmet/bunker', 'Sports', 'Addictive']"
0/32730.jpg,excitement,"[96.0, 187.0, 362.0, 389.0, 'excitement']","['Coolness', 'excitement', 'refreshment', 'Vacation/fun', 'action/adventure']"
10/172084.png,excitement,"[246.0, 78.0, 494.0, 385.0, 'mouth/excitement']","['mouth', 'mouth', 'Scream/Freshness', 'mouth', 'mouth/excitement']"
7/111037.jpg,excitement,"[425.0, 432.0, 100.0, 90.0, 'Fun/excitement']","['fun', 'Party', 'Fun/excitement', 'play/fun', 'timeless']"
10/172786.png,flavors,"[6.0, 205.0, 486.0, 451.0, 'Variety/Flavors']","['Variety/Flavors', 'Variety']"
10/175506.png,excitement,"[22.0, 13.0, 483.0, 258.0, 'Bragging/Excitement']","['Patriotism', 'Deployment/Family', 'Military service/patriotism', 'quality/cooking', 'Bragging/Excitement']"
10/170501.png,excitement,"[124.0, 1.0, 469.0, 342.0, 'fun, excitement']","['fun, excitement', 'total excitement', 'winter fun', 'FUN', 'adventure']"
10/170950.png,flavors,"[485.0, 443.0, 27.0, 230.0, 'COMBINED FLAVORS']","['Jelly Bean Icecream', 'old-fashioned', 'icecream jellybean', 'COMBINED FLAVORS', 'candy']"
1/97441.jpg,excitement,"[171.0, 31.0, 454.0, 341.0, 'Excitement/milk']","['Energy/Fitness', 'athletic', 'energy/power', 'Excitement/milk', 'speed']"
10/172704.png,excitement,"[39.0, 18.0, 166.0, 103.0, 'excitement']","['Classic/Wealthy', 'excitement', 'Family']"
10/172997.png,excitement,"[34.0, 172.0, 468.0, 423.0, 'Adventure/Daring/Excitement']","['Slide/Stylish', 'Adventure/Daring/Excitement', 'Fashion/Activity']"
0/1440.jpg,excitement,"[18.0, 113.0, 484.0, 364.0, 'luxury/excitement']","['defiant', 'water', 'Adventure/Exploration', 'luxury/excitement', 'superhero']"
1/123631.jpg,excitement,"[78.0, 48.0, 482.0, 431.0, 'Excitement/possibilities']","['charts', 'good advertising', 'productivity', 'Excitement/possibilities', 'adventerous']"
10/173892.png,excitement,"[19.0, 28.0, 185.0, 318.0, 'Excitement/Freshness']","['Cold/Iced', 'Excitement/Freshness', 'healthy/flavorful']"
1/101031.jpg,excitement,"[236.0, 135.0, 337.0, 247.0, 'Excitement']","['Dreaming', 'Excitement', 'Violence/Eat', 'aspirations/drive', 'desire']"
8/57118.jpg,excitement,"[45.0, 138.0, 247.0, 373.0, 'Excitement/Poison']","['Danger', 'Excitement/Poison', 'danger/sex', 'danger', 'danger']"
1/31951.jpg,excitement,"[494.0, 245.0, 18.0, 18.0, 'celebration/excitement']","['sneakers are more fun', 'party/aftermath', 'celebration/excitement', 'Exciting', 'mess after the party']"
10/175232.png,excitement,"[176.0, 155.0, 300.0, 267.0, 'Excitement/Bursting']","['break/relax', 'Crispy', 'relaxation/break', 'Excitement/Bursting', 'rebellion']"
10/170175.png,flavors,"[391.0, 38.0, 135.0, 138.0, '31 flavors  ice cream  ']","['Heavenly', '31 flavors  ice cream  ', 'christmas', 'winter holiday ', 'Holiday/Nature']"
0/120160.jpg,excitement,"[137.0, 118.0, 350.0, 410.0, 'Love/Excitement']","['delicious', 'love', 'Love', 'Love/Excitement', 'Delight']"
1/57641.jpg,excitement,"[230.0, 40.0, 498.0, 364.0, 'Game play/sports excitement']","['soccer', 'soccer', 'management/in charge', 'Game play/sports excitement', 'coach, manager']"
10/175431.png,flavors,"[134.0, 163.0, 374.0, 292.0, 'flavors/variety']","['Color television', 'Color', 'Fun/Togetherness', 'Color', 'flavors/variety']"
1/165231.jpg,excitement,"[85.0, 475.0, 392.0, 39.0, 'passion/art/excitement']","['Extreme', 'Power/Charging', 'daring/adventurous', 'passion/art/excitement', 'drunk']"
10/175242.png,excitement,"[113.0, 98.0, 383.0, 499.0, 'Bottle/Excitement/Adrenaline']","['Alcohol bottle', 'bottle', 'Competition/Danger', 'bottle/drinking', 'Bottle/Excitement/Adrenaline']"
10/175451.png,excitement,"[91.0, 140.0, 431.0, 344.0, 'Excitement']","['Fun/Active', 'Pick-up Truck', 'Speed/Power', 'adventure', 'Excitement']"
4/133494.jpg,excitement,"[80.0, 38.0, 401.0, 339.0, 'Excitement/Fun']","['Excitement/Fun', 'Ski equipment/Winter Sports', 'adventurism/sports/adrenaline', 'skateboard', 'excited']"
10/173114.png,excitement,"[61.0, 25.0, 416.0, 236.0, 'Fun/Excitement/Risk']","['Action/Precision', 'Jump for product', 'Adventure', 'motion', 'Fun/Excitement/Risk']"
10/171875.png,excitement,"[214.0, 298.0, 31.0, 138.0, 'youth/excitement']","['Enjoyment of life', 'youth/excitement', 'Pepsi', 'living life']"
10/170513.png,excitement,"[232.0, 28.0, 469.0, 443.0, 'excitement adventure']","['Beer is an adventure.  ', 'excitement adventure', 'pirate', 'shockingly good', 'cool']"
1/111071.jpg,excitement,"[167.0, 111.0, 325.0, 447.0, 'Excitement']","['Unstoppable', 'Mixture', 'Tornado', 'milk and cookies', 'Excitement']"
7/119927.jpg,excitement,"[123.0, 27.0, 490.0, 350.0, 'Adventure/Excitement']","['alive/life/revival', 'danger', 'lasting/ rejuvenating ', 'Adventure/Excitement', 'Danger']"
1/126861.jpg,excitement,"[100.0, 44.0, 441.0, 324.0, 'Excitement/Fun']","['style/fun', 'Automotive appeal/love', 'desirable/attractive', 'Excitement/Fun', 'desire']"
7/115767.jpg,excitement,"[125.0, 28.0, 410.0, 383.0, 'excitement']","['celebration', 'cultural', 'excitement', 'happy/entertaining', 'history']"
9/82139.jpg,excitement,"[92.0, 28.0, 425.0, 436.0, 'Enjoyment/Excitement']","['memes', 'cool', 'cute/ funny', 'Funny/cat', 'Enjoyment/Excitement']"
10/172855.png,excitement,"[56.0, 17.0, 478.0, 121.0, 'Excitement/Interest']","['Break/Dessert', 'Break ', 'Excitement/Interest', 'break/rest']"
8/156008.jpg,excitement,"[123.0, 42.0, 278.0, 369.0, 'excitement']","['Ketchup', 'easy', 'easy', 'excitement', 'sexism']"
6/158546.jpg,excitement,"[50.0, 123.0, 431.0, 371.0, 'Transport/excitement']","['Getaway', 'Airline/Exiting', 'Transport/excitement', 'in flight beverage', 'journey/broad/travel']"
1/166671.jpg,excitement,"[53.0, 57.0, 440.0, 410.0, 'Excitement']","['Excitement', 'senses', 'joy/energy', 'Feeling/Green/Menthy', 'freshness']"
10/170347.png,flavors,"[138.0, 31.0, 383.0, 319.0, 'Naturao flavors']","['protection ', 'Naturao flavors', 'nature', 'protection']"
1/101231.jpg,excitement,"[107.0, 23.0, 333.0, 245.0, 'Fun/Excitement']","['Entertainment', 'Fun/Excitement', 'Energy', 'energy', 'power']"
10/175388.png,excitement,"[374.0, 9.0, 481.0, 392.0, 'excitement/power/energy']","['Fresh', 'Nutrition/Indulgence', 'excitement/power/energy', 'New/Exciting ', 'intensity']"
10/172289.png,excitement,"[319.0, 487.0, 16.0, 25.0, 'Excitement ']","['Excitement ', 'Play/Fun', 'Games/Excitement/Party']"
1/95941.jpg,excitement,"[2.0, 160.0, 499.0, 345.0, 'wild/excitement']","['Speed/Handling', 'action/fun', 'control', 'wild/excitement', 'fast']"
0/78350.jpg,excitement,"[73.0, 77.0, 416.0, 388.0, 'Excitement/Indulgence']","['sexual', 'Excitement/Indulgence', 'Sex', 'Liquid', 'sex']"
10/172482.png,excitement,"[162.0, 10.0, 446.0, 341.0, 'excitement/hunger']","['Want/Desire', 'fun mascot/minature', 'excitement/hunger']"
10/172531.png,excitement,"[133.0, 138.0, 425.0, 250.0, 'excitement']","['Life/Heart Beat', 'exciting', 'singing/music', 'health', 'excitement']"
10/173253.png,excitement,"[3.0, 52.0, 168.0, 196.0, 'Action/Excitement']","[""Splash/It's a hit"", 'action/energy', 'Action/Excitement']"
10/174574.png,excitement,"[449.0, 23.0, 206.0, 360.0, 'Excitement/Joy']","['Excitement/Joy', 'Energy/Carelessness', 'Excitement', 'no symbolism detected', 'Hurry/Unstopable']"
10/172945.png,excitement,"[56.0, 57.0, 238.0, 359.0, 'excitement']","['excitement', 'Whimsical', 'elevation', 'fun/happiness/frolicking']"
0/123200.jpg,excitement,"[39.0, 71.0, 448.0, 468.0, 'Excitement/Fun']","['classic', 'Light/Crystal', 'Excitement/Fun', 'Play', 'space']"
10/175161.png,excitement,"[4.0, 165.0, 468.0, 414.0, 'Fun/Excitement']","['Large', 'Fun/Excitement', 'comedy', 'Circus', 'Fun/Entertainment']"
10/174397.png,excitement,"[72.0, 141.0, 314.0, 385.0, 'Fun/Excitement']","['Injury', 'Fun/Excitement', 'injury/damage', 'Optimism/Sarcasm', 'bandage']"
10/171539.png,excitement,"[103.0, 116.0, 373.0, 272.0, 'Joy/Excitement']","['light fun', 'Joy/Excitement', 'Happiness ']"
0/66890.jpg,excitement,"[97.0, 1.0, 405.0, 349.0, 'Excitement/Energy']","['Like slow motion bullet impact pic', 'Excitement/Energy', 'Disaster', 'Delicious/Exploding', 'explosion']"
0/67060.jpg,excitement,"[44.0, 134.0, 314.0, 411.0, 'Excitement/Surprising']","['Female body', 'Excitement/Surprising', 'Sexuality', 'Hot/Spicy/Sexy', 'hot/sexy']"
2/65632.jpg,excitement,"[24.0, 2.0, 484.0, 407.0, 'excitement/happiness']","['confidence', 'Flexible/Upside down', 'love', 'Surprise', 'excitement/happiness']"
4/43134.jpg,excitement,"[139.0, 106.0, 357.0, 280.0, 'Excitement/Hunger']","['Excitement/Hunger', 'Tasty', 'glee/happiness', 'Bucket of Chicken', 'Desire']"
0/88880.jpg,excitement,"[6.0, 9.0, 500.0, 327.0, 'excitement']","['excitement', 'fun', 'Fun', 'youth', 'excitement/action/games']"
10/173978.png,excitement,"[145.0, 288.0, 379.0, 441.0, 'Excitement/Dynamic']","['Fun', 'Excitement/Dynamic']"
10/176204.png,flavors,"[54.0, 90.0, 446.0, 325.0, 'flavors']","['jack and the beanstalk', 'Fantasy', 'Fun', 'food', 'flavors']"
7/121217.jpg,excitement,"[5.0, 0.0, 496.0, 492.0, 'travel/excitement ']","['colorful', 'Sex appeal', 'explosive/sexy', 'travel/excitement ', 'energy/travel']"
10/172956.png,excitement,"[12.0, 165.0, 249.0, 369.0, 'fun/excitement']","['Breaking out/Unleashed', 'speed', 'fun/excitement', 'Birth/Explosion']"
3/20213.jpg,excitement,"[67.0, 172.0, 448.0, 450.0, 'Change/Excitement/New']","['Sports/Running', 'replace the old', 'renewal', 'Change/Excitement/New', 'Renew/refresh']"
10/171568.png,excitement,"[42.0, 53.0, 161.0, 144.0, 'fun energy excitement']","['fun energy excitement', 'DESSERT']"
0/86410.jpg,flavors,"[315.0, 428.0, 10.0, 153.0, 'chips/flavors/food/ingredients']","['chips/flavors/food/ingredients', 'Taste/flavor', 'flavor', 'variety', 'food']"
0/135700.jpg,excitement,"[383.0, 20.0, 110.0, 392.0, 'excitement/flight']","['excitement/flight', 'COOL/LOUD', 'judging', 'Edginess/Individuality', 'Fire']"
2/135702.jpg,excitement,"[118.0, 12.0, 294.0, 166.0, 'Fun/Excitement']","['danger', 'Fun/Excitement', 'SMOKING', 'ice skate', 'Cool/sports']"
10/175767.png,excitement,"[162.0, 288.0, 480.0, 452.0, 'adventure/excitement/action']","['Adventure', 'Adventure/Fantasy', 'adventure/excitement/action', 'adventure/excitement', 'cargo ship']"
1/119341.jpg,excitement,"[23.0, 50.0, 481.0, 268.0, 'Fun/Excitement']","['Fun/Amusement', 'Fun/Excitement', 'adventurous', 'Fun / Exciting ', 'adventure']"
6/159066.jpg,excitement,"[145.0, 53.0, 318.0, 240.0, 'excitement/adventure']","['Fun/Freedom', 'Speed/Jumping', 'Genuineness', 'excitement/adventure', 'soar/travel/quick']"
0/104030.jpg,excitement,"[33.0, 24.0, 456.0, 490.0, 'Fun/Excitement']","['stretch', 'Fun/Excitement', 'Nostalgia', 'Modern', 'balanced']"
0/81760.jpg,excitement,"[25.0, 352.0, 479.0, 77.0, 'Luxury/excitement/extraordinary']","['luxury/money/face/high-life/forbes ', 'Exciting/ adventure', 'Seduction/Wealth', 'Luxury/excitement/extraordinary', 'luxury']"
0/115580.jpg,excitement,"[6.0, 123.0, 488.0, 440.0, 'excitement/danger']","['never-ending', 'excitement/danger', 'Adventure/Daring', 'Dangerous/Risky', 'pepsi']"
7/165307.jpg,flavors,"[17.0, 89.0, 465.0, 466.0, 'various fruit flavors']","['various fruit flavors', 'awareness/contrast', 'lacking', 'cutting calories', 'Slimming']"
10/173654.png,excitement,"[260.0, 0.0, 428.0, 125.0, 'Adventure/Excitement']","['Outdoor sports, Large bed capacity', 'Adventure/Excitement', 'space', 'Rugged', 'Extreem Sports/Adventure']"
7/65837.jpg,excitement,"[59.0, 41.0, 279.0, 474.0, 'excitement/curiosity']","['DESIRE', 'excitement/curiosity', 'Beauty/Seamless', 'nightmares', 'nylons / stockings']"
